lambda,second_max_cluster_size,Size,norm
0.85,2026.33875,400,0.0126646171875
0.8501,2088.9281,400,0.013055800625
0.8502,2091.04425,400,0.013069026562499999
0.8503,2082.3665,400,0.013014790625
0.8503999999999999,2071.6318,400,0.01294769875
0.8504999999999999,2101.28045,400,0.0131330028125
0.8505999999999999,2112.78375,400,0.013204898437500001
0.8506999999999999,2090.6792,400,0.013066745
0.8507999999999999,2147.5533,400,0.013422208125
0.8508999999999999,2115.74085,400,0.013223380312500001
0.8509999999999999,2130.00065,400,0.0133125040625
0.8510999999999999,2151.0375,400,0.013443984374999999
0.8511999999999998,2124.7987,400,0.013279991875
0.8512999999999998,2174.64265,400,0.0135915165625
0.8513999999999998,2189.10605,400,0.013681912812499999
0.8514999999999998,2111.1539,400,0.013194711874999999
0.8515999999999998,2187.32735,400,0.0136707959375
0.8516999999999998,2157.9193,400,0.013486995625
0.8517999999999998,2165.55885,400,0.013534742812499998
0.8518999999999998,2172.0572,400,0.013575357500000001
0.8519999999999998,2199.27875,400,0.0137454921875
0.8520999999999997,2170.19535,400,0.013563720937499999
0.8521999999999997,2210.6743,400,0.013816714375
0.8522999999999997,2196.04525,400,0.013725282812500001
0.8523999999999997,2186.8677,400,0.013667923124999998
0.8524999999999997,2240.09005,400,0.014000562812499999
0.8525999999999997,2212.0424,400,0.013825264999999998
0.8526999999999997,2267.00025,400,0.0141687515625
0.8527999999999997,2273.86905,400,0.014211681562499998
0.8528999999999997,2276.9604,400,0.0142310025
0.8529999999999996,2331.7013,400,0.014573133125000002
0.8530999999999996,2311.4599,400,0.014446624375
0.8531999999999996,2304.55265,400,0.014403454062500001
0.8532999999999996,2343.14695,400,0.0146446684375
0.8533999999999996,2327.62385,400,0.0145476490625
0.8534999999999996,2389.57385,400,0.014934836562500001
0.8535999999999996,2509.3295,400,0.015683309375
0.8536999999999996,2598.9583,400,0.016243489375
0.8537999999999996,2641.44125,400,0.0165090078125
0.8538999999999995,2773.57455,400,0.0173348409375
0.8539999999999995,2781.494,400,0.0173843375
0.8540999999999995,2801.3226,400,0.01750826625
0.8541999999999995,2844.02145,400,0.0177751340625
0.8542999999999995,2895.79825,400,0.018098739062499997
0.8543999999999995,2871.0337,400,0.017943960624999998
0.8544999999999995,2997.9774,400,0.018737358750000002
0.8545999999999995,3144.90225,400,0.0196556390625
0.8546999999999995,3367.23875,400,0.0210452421875
0.8547999999999994,3544.7124,400,0.022154452499999998
0.8548999999999994,3708.18085,400,0.0231761303125
0.8549999999999994,3742.90905,400,0.0233931815625
0.8550999999999994,3755.4255,400,0.023471409375
0.8551999999999994,3799.7012,400,0.0237481325
0.8552999999999994,3936.5793,400,0.024603620625
0.8553999999999994,4131.67585,400,0.025822974062499997
0.8554999999999994,4110.5318,400,0.025690823749999998
0.8555999999999994,4530.0289,400,0.028312680625000003
0.8556999999999994,4857.59635,400,0.030359977187499998
0.8557999999999993,4924.1202,400,0.03077575125
0.8558999999999993,5062.0985,400,0.031638115625
0.8559999999999993,5007.4539,400,0.031296586875000004
0.8560999999999993,5061.19285,400,0.0316324553125
0.8561999999999993,5148.83045,400,0.0321801903125
0.8562999999999993,5363.4665,400,0.033521665625
0.8563999999999993,5536.6665,400,0.034604165625
0.8564999999999993,5581.1716,400,0.0348823225
0.8565999999999993,5697.3294,400,0.03560830875
0.8566999999999992,5911.6821,400,0.036948013125
0.8567999999999992,6038.83855,400,0.037742740937500005
0.8568999999999992,6104.20155,400,0.0381512596875
0.8569999999999992,6142.12195,400,0.0383882621875
0.8570999999999992,6135.8542,400,0.038349088749999996
0.8571999999999992,6323.3001,400,0.039520625625
0.8572999999999992,6352.11125,400,0.0397006953125
0.8573999999999992,6399.84125,400,0.0399990078125
0.8574999999999992,6589.555,400,0.04118471875
0.8575999999999991,6719.3725,400,0.041996078125
0.8576999999999991,6632.19305,400,0.0414512065625
0.8577999999999991,6760.8392,400,0.042255245000000004
0.8578999999999991,6655.9734,400,0.04159983375
0.8579999999999991,6767.47705,400,0.0422967315625
0.8580999999999991,6841.25335,400,0.0427578334375
0.8581999999999991,6889.9254,400,0.04306203375
0.8582999999999991,7045.3267,400,0.044033291875
0.858399999999999,6994.5037,400,0.043715648125
0.858499999999999,7014.23975,400,0.0438389984375
0.858599999999999,6903.1755,400,0.043144846875000004
0.858699999999999,7181.9588,400,0.0448872425
0.858799999999999,7362.21395,400,0.046013837187500004
0.858899999999999,7380.80945,400,0.0461300590625
0.858999999999999,7651.7573,400,0.047823483125
0.859099999999999,7603.0625,400,0.047519140625
0.859199999999999,7664.32015,400,0.047902000937499994
0.859299999999999,7596.12875,400,0.0474758046875
0.8593999999999989,7832.13465,400,0.0489508415625
0.8594999999999989,7950.97795,400,0.0496936121875
0.8595999999999989,8250.17215,400,0.0515635759375
0.8596999999999989,8585.9549,400,0.053662218125
0.8597999999999989,8744.81525,400,0.0546550953125
0.8598999999999989,8688.6255,400,0.054303909375
0.8599999999999989,8951.46825,400,0.0559466765625
0.8600999999999989,8889.94735,400,0.0555621709375
0.8601999999999989,8934.94925,400,0.055843432812499996
0.8602999999999988,8801.85465,400,0.0550115915625
0.8603999999999988,8345.143,400,0.05215714375
0.8604999999999988,7782.5893,400,0.048641183125
0.8605999999999988,7136.74915,400,0.044604682187499994
0.8606999999999988,6080.76305,400,0.0380047690625
0.8607999999999988,5670.7042,400,0.03544190125
0.8608999999999988,5664.28255,400,0.035401765937499996
0.8609999999999988,5882.71145,400,0.0367669465625
0.8610999999999988,5055.21735,400,0.0315951084375
0.8611999999999987,4066.72105,400,0.0254170065625
0.8612999999999987,3566.107,400,0.02228816875
0.8613999999999987,2594.0682,400,0.016212926250000002
0.8614999999999987,2431.11695,400,0.015194480937500001
0.8615999999999987,2413.92665,400,0.015087041562499999
0.8616999999999987,2347.78345,400,0.0146736465625
0.8617999999999987,2074.5789,400,0.012966118125
0.8618999999999987,1818.8689,400,0.011367930625
0.8619999999999987,1643.65795,400,0.0102728621875
0.8620999999999986,1388.43415,400,0.0086777134375
0.8621999999999986,1203.99485,400,0.0075249678125
0.8622999999999986,1101.92525,400,0.0068870328125
0.8623999999999986,1131.45435,400,0.0070715896875
0.8624999999999986,1090.0865,400,0.006813040624999999
0.8625999999999986,771.84625,400,0.0048240390625
0.8626999999999986,788.0993,400,0.004925620625
0.8627999999999986,741.8434,400,0.00463652125
0.8628999999999986,746.55795,400,0.0046659871875
0.8629999999999985,722.6924,400,0.0045168275
0.8630999999999985,710.49085,400,0.0044405678125
0.8631999999999985,757.3028,400,0.004733142500000001
0.8632999999999985,679.2349,400,0.004245218125
0.8633999999999985,701.1912,400,0.004382445
0.8634999999999985,704.54375,400,0.0044033984375
0.8635999999999985,711.50325,400,0.0044468953125
0.8636999999999985,692.26525,400,0.0043266578125
0.8637999999999985,692.1295,400,0.004325809375
0.8638999999999984,696.2264,400,0.004351415
0.8639999999999984,678.70745,400,0.0042419215625
0.8640999999999984,615.6759,400,0.003847974375
0.8641999999999984,618.6668,400,0.0038666674999999996
0.8642999999999984,641.2305,400,0.004007690625
0.8643999999999984,613.8983,400,0.0038368643749999995
0.8644999999999984,617.4614,400,0.0038591337500000003
0.8645999999999984,574.1934,400,0.00358870875
0.8646999999999984,566.60645,400,0.0035412903125
0.8647999999999983,502.04505,400,0.0031377815625
0.8648999999999983,501.32115,400,0.0031332571875
0.8649999999999983,491.69115,400,0.0030730696875
0.8650999999999983,489.9929,400,0.003062455625
0.8651999999999983,477.53835,400,0.0029846146875
0.8652999999999983,433.01575,400,0.0027063484375
0.8653999999999983,370.12455,400,0.0023132784375
0.8654999999999983,317.8429,400,0.001986518125
0.8655999999999983,317.5152,400,0.00198447
0.8656999999999982,302.34165,400,0.0018896353125
0.8657999999999982,306.5231,400,0.001915769375
0.8658999999999982,290.3042,400,0.0018144012499999999
0.8659999999999982,268.0282,400,0.00167517625
0.8660999999999982,225.62105,400,0.0014101315625
0.8661999999999982,212.55955,400,0.0013284971875
0.8662999999999982,216.11565,400,0.0013507228125
0.8663999999999982,211.9207,400,0.001324504375
0.8664999999999982,202.2916,400,0.0012643225
0.8665999999999981,178.49245,400,0.0011155778125
0.8666999999999981,158.77045,400,0.0009923153125000002
0.8667999999999981,131.69225,400,0.0008230765625
0.8668999999999981,137.10075,400,0.0008568796875
0.8669999999999981,131.17635,400,0.0008198521875
0.8670999999999981,135.03025,400,0.0008439390625
0.8671999999999981,126.0582,400,0.00078786375
0.8672999999999981,118.53475,400,0.0007408421875
0.8673999999999981,117.61065,400,0.0007350665625000001
0.867499999999998,111.3563,400,0.000695976875
0.867599999999998,114.28085,400,0.0007142553125
0.867699999999998,111.55315,400,0.0006972071875
0.867799999999998,109.5457,400,0.000684660625
0.867899999999998,109.5867,400,0.0006849168749999999
0.867999999999998,108.95545,400,0.0006809715625
0.868099999999998,108.16335,400,0.0006760209375
0.868199999999998,113.43305,400,0.0007089565625
0.868299999999998,108.0676,400,0.0006754225
0.868399999999998,106.86,400,0.000667875
0.8684999999999979,110.03685,400,0.0006877303125000001
0.8685999999999979,108.468,400,0.000677925
0.8686999999999979,108.5469,400,0.000678418125
0.8687999999999979,111.07495,400,0.0006942184375
0.8688999999999979,112.88585,400,0.0007055365625
0.8689999999999979,114.73895,400,0.0007171184375
0.8690999999999979,113.42495,400,0.0007089059375
0.8691999999999979,106.04835,400,0.0006628021875
0.8692999999999979,105.33365,400,0.0006583353125000001
0.8693999999999978,105.81365,400,0.0006613353124999999
0.8694999999999978,104.64535,400,0.0006540334374999999
0.8695999999999978,98.24775,400,0.0006140484375
0.8696999999999978,92.82345,400,0.0005801465625
0.8697999999999978,90.92995,400,0.0005683121875000001
0.8698999999999978,93.2321,400,0.000582700625
0.8699999999999978,94.18235,400,0.0005886396875
0.8700999999999978,89.2984,400,0.000558115
0.8701999999999978,84.56925,400,0.0005285578124999999
0.8702999999999977,80.8766,400,0.00050547875
0.8703999999999977,76.16735,400,0.00047604593749999997
0.8704999999999977,77.94155,400,0.00048713468750000003
0.8705999999999977,71.97695,400,0.00044985593750000003
0.8706999999999977,74.1491,400,0.000463431875
0.8707999999999977,66.71575,400,0.0004169734375
0.8708999999999977,57.0003,400,0.000356251875
0.8709999999999977,54.6207,400,0.000341379375
0.8710999999999977,48.4884,400,0.0003030525
0.8711999999999976,53.33865,400,0.0003333665625
0.8712999999999976,48.07655,400,0.0003004784375
0.8713999999999976,39.94265,400,0.0002496415625
0.8714999999999976,36.6098,400,0.00022881125
0.8715999999999976,40.1972,400,0.0002512325
0.8716999999999976,31.7587,400,0.000198491875
0.8717999999999976,36.2263,400,0.00022641437500000002
0.8718999999999976,33.7277,400,0.00021079812499999999
0.8719999999999976,38.5947,400,0.00024121687500000002
0.8720999999999975,38.3772,400,0.0002398575
0.8721999999999975,45.67515,400,0.0002854696875
0.8722999999999975,48.5965,400,0.000303728125
0.8723999999999975,45.97115,400,0.00028731968750000004
0.8724999999999975,47.77525,400,0.0002985953125
0.8725999999999975,46.1673,400,0.00028854562499999997
0.8726999999999975,46.10985,400,0.0002881865625
0.8727999999999975,47.2934,400,0.00029558374999999996
0.8728999999999975,44.64365,400,0.00027902281250000003
0.8729999999999974,47.247,400,0.00029529375
0.8730999999999974,46.1685,400,0.00028855312500000003
0.8731999999999974,44.15225,400,0.0002759515625
0.8732999999999974,44.808,400,0.00028005
0.8733999999999974,43.2284,400,0.0002701775
0.8734999999999974,47.0758,400,0.00029422375
0.8735999999999974,47.30935,400,0.0002956834375
0.8736999999999974,46.19595,400,0.00028872468750000004
0.8737999999999974,50.01205,400,0.0003125753125
0.8738999999999973,45.11685,400,0.0002819803125
0.8739999999999973,46.52055,400,0.0002907534375
0.8740999999999973,42.7538,400,0.00026721125
0.8741999999999973,38.4403,400,0.000240251875
0.8742999999999973,39.22345,400,0.0002451465625
0.8743999999999973,39.6198,400,0.00024762374999999997
0.8744999999999973,37.66325,400,0.00023539531249999998
0.8745999999999973,37.91155,400,0.0002369471875
0.8746999999999973,37.7042,400,0.00023565125
0.8747999999999972,36.53705,400,0.0002283565625
0.8748999999999972,33.32715,400,0.00020829468750000003
0.8749999999999972,18.45875,400,0.00011536718749999999
0.85,2621.8282,600,0.007282856111111111
0.8501,2641.95845,600,0.007338773472222222
0.8502,2679.82955,600,0.007443970972222222
0.8503,2650.82105,600,0.007363391805555556
0.8503999999999999,2686.32965,600,0.0074620268055555555
0.8504999999999999,2681.0606,600,0.007447390555555555
0.8505999999999999,2704.30955,600,0.007511970972222222
0.8506999999999999,2702.4159,600,0.0075067108333333335
0.8507999999999999,2683.9741,600,0.007455483611111111
0.8508999999999999,2731.4037,600,0.0075872325
0.8509999999999999,2735.3048,600,0.007598068888888888
0.8510999999999999,2761.46185,600,0.007670727361111111
0.8511999999999998,2755.0505,600,0.007652918055555555
0.8512999999999998,2777.324,600,0.007714788888888889
0.8513999999999998,2764.881,600,0.007680225
0.8514999999999998,2742.32215,600,0.007617561527777777
0.8515999999999998,2789.2667,600,0.007747963055555556
0.8516999999999998,2772.42425,600,0.007701178472222223
0.8517999999999998,2783.7323,600,0.007732589722222223
0.8518999999999998,2805.0526,600,0.0077918127777777775
0.8519999999999998,2822.1778,600,0.007839382777777777
0.8520999999999997,2795.14525,600,0.007764292361111111
0.8521999999999997,2784.53335,600,0.007734814861111112
0.8522999999999997,2842.3885,600,0.007895523611111111
0.8523999999999997,2838.7823,600,0.007885506388888889
0.8524999999999997,2872.07165,600,0.007977976805555556
0.8525999999999997,2831.4466,600,0.007865129444444445
0.8526999999999997,2881.92555,600,0.00800534875
0.8527999999999997,2929.25305,600,0.008136814027777777
0.8528999999999997,2935.1485,600,0.008153190277777778
0.8529999999999996,3003.8661,600,0.0083440725
0.8530999999999996,2938.74285,600,0.008163174583333333
0.8531999999999996,2966.99285,600,0.008241646805555556
0.8532999999999996,3009.87405,600,0.00836076125
0.8533999999999996,3040.49075,600,0.00844580763888889
0.8534999999999996,3088.56375,600,0.00857934375
0.8535999999999996,3267.33655,600,0.00907593486111111
0.8536999999999996,3360.6042,600,0.009335011666666667
0.8537999999999996,3436.1681,600,0.009544911388888888
0.8538999999999995,3602.84725,600,0.010007909027777777
0.8539999999999995,3617.8528,600,0.010049591111111112
0.8540999999999995,3666.60025,600,0.010185000694444444
0.8541999999999995,3659.3593,600,0.010164886944444444
0.8542999999999995,3715.43685,600,0.010320657916666667
0.8543999999999995,3780.89755,600,0.010502493194444445
0.8544999999999995,4025.0893,600,0.011180803611111111
0.8545999999999995,4195.0428,600,0.011652896666666667
0.8546999999999995,4577.21465,600,0.01271448513888889
0.8547999999999994,4778.3551,600,0.013273208611111111
0.8548999999999994,4905.2858,600,0.013625793888888888
0.8549999999999994,5091.1248,600,0.014142013333333332
0.8550999999999994,5124.71245,600,0.014235312361111111
0.8551999999999994,5166.2753,600,0.014350764722222223
0.8552999999999994,5286.55735,600,0.014684881527777778
0.8553999999999994,5484.3309,600,0.0152342525
0.8554999999999994,5776.0425,600,0.016044562499999998
0.8555999999999994,6223.40325,600,0.01728723125
0.8556999999999994,6558.26765,600,0.01821741013888889
0.8557999999999993,6934.33635,600,0.019262045416666665
0.8558999999999993,7055.47885,600,0.01959855236111111
0.8559999999999993,7374.76985,600,0.020485471805555554
0.8560999999999993,7235.55125,600,0.020098753472222224
0.8561999999999993,7358.0193,600,0.0204389425
0.8562999999999993,7687.7307,600,0.0213548075
0.8563999999999993,7934.20565,600,0.02203946013888889
0.8564999999999993,8178.7796,600,0.02271883222222222
0.8565999999999993,8481.8044,600,0.02356056777777778
0.8566999999999992,8746.62345,600,0.02429617625
0.8567999999999992,8997.2061,600,0.024992239166666666
0.8568999999999992,9074.6216,600,0.025207282222222224
0.8569999999999992,9160.90295,600,0.025446952638888888
0.8570999999999992,9158.03715,600,0.025438992083333334
0.8571999999999992,9389.29095,600,0.026081363750000003
0.8572999999999992,9636.205,600,0.02676723611111111
0.8573999999999992,10045.75485,600,0.027904874583333333
0.8574999999999992,10426.81415,600,0.02896337263888889
0.8575999999999991,10462.84835,600,0.02906346763888889
0.8576999999999991,10557.92125,600,0.029327559027777776
0.8577999999999991,10653.61495,600,0.029593374861111108
0.8578999999999991,10612.6642,600,0.029479622777777777
0.8579999999999991,10903.19625,600,0.030286656250000002
0.8580999999999991,10885.8309,600,0.03023841916666667
0.8581999999999991,11118.43525,600,0.03088454236111111
0.8582999999999991,10751.79865,600,0.029866107361111113
0.858399999999999,10815.6737,600,0.030043538055555555
0.858499999999999,11180.68955,600,0.03105747097222222
0.858599999999999,11048.0586,600,0.030689051666666668
0.858699999999999,11181.18055,600,0.03105883486111111
0.858799999999999,11674.12485,600,0.032428124583333336
0.858899999999999,12165.76635,600,0.03379379541666667
0.858999999999999,12593.86405,600,0.03498295569444444
0.859099999999999,12621.72695,600,0.03506035263888889
0.859199999999999,12845.557,600,0.03568210277777778
0.859299999999999,12933.4029,600,0.035926119166666666
0.8593999999999989,13128.5973,600,0.03646832583333333
0.8594999999999989,13741.5962,600,0.03817110055555555
0.8595999999999989,14663.96695,600,0.040733241527777776
0.8596999999999989,16193.03065,600,0.04498064069444445
0.8597999999999989,16909.91135,600,0.04697197597222222
0.8598999999999989,17389.65715,600,0.04830460319444444
0.8599999999999989,17537.65495,600,0.04871570819444444
0.8600999999999989,17875.01435,600,0.049652817638888895
0.8601999999999989,18328.75605,600,0.05091321125
0.8602999999999988,19152.10145,600,0.05320028180555555
0.8603999999999988,19206.68505,600,0.053351902916666666
0.8604999999999988,18346.6012,600,0.05096278111111111
0.8605999999999988,16886.34215,600,0.04690650597222222
0.8606999999999988,14178.57605,600,0.039384933472222224
0.8607999999999988,13351.6738,600,0.03708798277777778
0.8608999999999988,13131.52605,600,0.03647646125
0.8609999999999988,12233.5565,600,0.033982101388888894
0.8610999999999988,10529.9379,600,0.029249827500000002
0.8611999999999987,7900.3895,600,0.02194552638888889
0.8612999999999987,6572.62775,600,0.018257299305555554
0.8613999999999987,4556.7152,600,0.01265754222222222
0.8614999999999987,4310.2523,600,0.011972923055555557
0.8615999999999987,4089.25435,600,0.01135903986111111
0.8616999999999987,3802.9454,600,0.010563737222222222
0.8617999999999987,3462.9181,600,0.009619216944444444
0.8618999999999987,3107.62705,600,0.008632297361111112
0.8619999999999987,2566.50865,600,0.007129190694444445
0.8620999999999986,2227.3536,600,0.0061870933333333334
0.8621999999999986,1825.6155,600,0.005071154166666667
0.8622999999999986,1758.51225,600,0.00488475625
0.8623999999999986,1768.14435,600,0.004911512083333333
0.8624999999999986,1770.29565,600,0.004917487916666667
0.8625999999999986,1220.99035,600,0.0033916398611111113
0.8626999999999986,1185.70175,600,0.003293615972222222
0.8627999999999986,1132.6425,600,0.0031462291666666665
0.8628999999999986,1108.9717,600,0.0030804769444444445
0.8629999999999985,1115.23745,600,0.0030978818055555557
0.8630999999999985,1105.22285,600,0.0030700634722222223
0.8631999999999985,1087.3796,600,0.0030204988888888886
0.8632999999999985,1053.77985,600,0.0029271662499999996
0.8633999999999985,1071.55285,600,0.0029765356944444444
0.8634999999999985,1058.8862,600,0.0029413505555555552
0.8635999999999985,1058.74465,600,0.002940957361111111
0.8636999999999985,1074.00525,600,0.0029833479166666665
0.8637999999999985,1048.29295,600,0.002911924861111111
0.8638999999999984,1055.62115,600,0.002932280972222222
0.8639999999999984,1036.896,600,0.0028802666666666666
0.8640999999999984,986.17165,600,0.0027393656944444443
0.8641999999999984,946.90285,600,0.0026302856944444442
0.8642999999999984,942.39905,600,0.002617775138888889
0.8643999999999984,935.7357,600,0.0025992658333333332
0.8644999999999984,925.43035,600,0.0025706398611111112
0.8645999999999984,838.5059,600,0.0023291830555555557
0.8646999999999984,841.07365,600,0.0023363156944444445
0.8647999999999983,771.86005,600,0.0021440556944444444
0.8648999999999983,769.1816,600,0.0021366155555555557
0.8649999999999983,747.5596,600,0.0020765544444444448
0.8650999999999983,750.3163,600,0.0020842119444444444
0.8651999999999983,729.56925,600,0.00202658125
0.8652999999999983,619.0391,600,0.0017195530555555553
0.8653999999999983,549.6476,600,0.001526798888888889
0.8654999999999983,478.0579,600,0.0013279386111111112
0.8655999999999983,464.95955,600,0.0012915543055555556
0.8656999999999982,453.44515,600,0.0012595698611111111
0.8657999999999982,439.49505,600,0.0012208195833333334
0.8658999999999982,426.04485,600,0.0011834579166666666
0.8659999999999982,383.6436,600,0.0010656766666666667
0.8660999999999982,326.42875,600,0.0009067465277777777
0.8661999999999982,313.60885,600,0.0008711356944444445
0.8662999999999982,310.5837,600,0.0008627325
0.8663999999999982,305.2445,600,0.0008479013888888889
0.8664999999999982,287.53785,600,0.00079871625
0.8665999999999981,264.38135,600,0.0007343926388888889
0.8666999999999981,230.7405,600,0.0006409458333333333
0.8667999999999981,188.4455,600,0.0005234597222222222
0.8668999999999981,186.9977,600,0.0005194380555555556
0.8669999999999981,188.6928,600,0.0005241466666666667
0.8670999999999981,192.1389,600,0.0005337191666666667
0.8671999999999981,183.353,600,0.0005093138888888889
0.8672999999999981,168.67115,600,0.00046853097222222226
0.8673999999999981,158.40415,600,0.0004400115277777777
0.867499999999998,157.8638,600,0.0004385105555555555
0.867599999999998,158.1273,600,0.00043924249999999996
0.867699999999998,160.02935,600,0.0004445259722222222
0.867799999999998,161.47525,600,0.0004485423611111111
0.867899999999998,161.5636,600,0.0004487877777777778
0.867999999999998,156.8475,600,0.0004356875
0.868099999999998,162.0564,600,0.00045015666666666665
0.868199999999998,161.88735,600,0.00044968708333333334
0.868299999999998,159.6706,600,0.0004435294444444445
0.868399999999998,157.0527,600,0.00043625749999999996
0.8684999999999979,154.1906,600,0.0004283072222222222
0.8685999999999979,151.30495,600,0.00042029152777777774
0.8686999999999979,163.25245,600,0.0004534790277777778
0.8687999999999979,162.4972,600,0.0004513811111111111
0.8688999999999979,164.08725,600,0.0004557979166666667
0.8689999999999979,161.86945,600,0.00044963736111111114
0.8690999999999979,153.97395,600,0.0004277054166666667
0.8691999999999979,153.10325,600,0.00042528680555555556
0.8692999999999979,147.79375,600,0.00041053819444444444
0.8693999999999978,156.5007,600,0.0004347241666666666
0.8694999999999978,146.3112,600,0.00040642000000000006
0.8695999999999978,144.21555,600,0.00040059875000000004
0.8696999999999978,136.6389,600,0.0003795525
0.8697999999999978,133.2029,600,0.00037000805555555556
0.8698999999999978,128.65455,600,0.00035737375
0.8699999999999978,127.51105,600,0.0003541973611111111
0.8700999999999978,123.4516,600,0.00034292111111111113
0.8701999999999978,117.02845,600,0.0003250790277777778
0.8702999999999977,116.7194,600,0.00032422055555555556
0.8703999999999977,110.8922,600,0.0003080338888888889
0.8704999999999977,108.61445,600,0.0003017068055555556
0.8705999999999977,107.1063,600,0.0002975175
0.8706999999999977,111.8887,600,0.00031080194444444445
0.8707999999999977,100.37475,600,0.00027881875
0.8708999999999977,85.3441,600,0.00023706694444444444
0.8709999999999977,71.59135,600,0.00019886486111111114
0.8710999999999977,71.41725,600,0.00019838125
0.8711999999999976,72.1278,600,0.000200355
0.8712999999999976,68.6555,600,0.00019070972222222222
0.8713999999999976,53.4886,600,0.00014857944444444444
0.8714999999999976,54.78045,600,0.00015216791666666668
0.8715999999999976,54.5394,600,0.00015149833333333334
0.8716999999999976,52.89245,600,0.0001469234722222222
0.8717999999999976,50.7,600,0.00014083333333333333
0.8718999999999976,44.87125,600,0.00012464236111111112
0.8719999999999976,47.1122,600,0.00013086722222222224
0.8720999999999975,55.54895,600,0.00015430263888888888
0.8721999999999975,64.2294,600,0.000178415
0.8722999999999975,69.553,600,0.00019320277777777777
0.8723999999999975,66.66325,600,0.00018517569444444446
0.8724999999999975,65.42735,600,0.0001817426388888889
0.8725999999999975,66.68305,600,0.00018523069444444443
0.8726999999999975,62.5544,600,0.00017376222222222223
0.8727999999999975,68.82145,600,0.00019117069444444444
0.8728999999999975,67.7458,600,0.0001881827777777778
0.8729999999999974,60.84145,600,0.0001690040277777778
0.8730999999999974,66.53205,600,0.00018481125
0.8731999999999974,63.78985,600,0.00017719402777777778
0.8732999999999974,64.03965,600,0.00017788791666666664
0.8733999999999974,61.8418,600,0.00017178277777777777
0.8734999999999974,68.4011,600,0.00019000305555555555
0.8735999999999974,66.4556,600,0.0001845988888888889
0.8736999999999974,67.9961,600,0.00018887805555555556
0.8737999999999974,66.9849,600,0.00018606916666666666
0.8738999999999973,65.7652,600,0.00018268111111111108
0.8739999999999973,65.86195,600,0.0001829498611111111
0.8740999999999973,63.0722,600,0.00017520055555555556
0.8741999999999973,62.95565,600,0.00017487680555555555
0.8742999999999973,58.23085,600,0.0001617523611111111
0.8743999999999973,56.3665,600,0.00015657361111111112
0.8744999999999973,54.7792,600,0.00015216444444444445
0.8745999999999973,52.3698,600,0.00014547166666666666
0.8746999999999973,53.734,600,0.00014926111111111112
0.8747999999999972,50.6281,600,0.00014063361111111113
0.8748999999999972,51.84385,600,0.00014401069444444447
0.8749999999999972,26.5707,600,7.38075e-05
0.85,3048.5591,800,0.00476337359375
0.8501,3071.1391,800,0.00479865484375
0.8502,3099.39145,800,0.004842799140625
0.8503,3108.1495,800,0.00485648359375
0.8503999999999999,3087.6464,800,0.0048244475000000005
0.8504999999999999,3105.14975,800,0.004851796484375
0.8505999999999999,3145.5022,800,0.0049148471875
0.8506999999999999,3110.56105,800,0.0048602516406249996
0.8507999999999999,3193.66965,800,0.004990108828125
0.8508999999999999,3174.57705,800,0.004960276640625
0.8509999999999999,3157.09415,800,0.004932959609375
0.8510999999999999,3182.6056,800,0.0049728212499999995
0.8511999999999998,3206.1158,800,0.0050095559375
0.8512999999999998,3252.4885,800,0.00508201328125
0.8513999999999998,3206.46135,800,0.005010095859375
0.8514999999999998,3240.1242,800,0.0050626940625
0.8515999999999998,3252.6486,800,0.0050822634375
0.8516999999999998,3233.41975,800,0.005052218359375
0.8517999999999998,3193.5258,800,0.0049898840625
0.8518999999999998,3249.4572,800,0.005077276875
0.8519999999999998,3229.903,800,0.005046723437499999
0.8520999999999997,3257.8326,800,0.0050903634375
0.8521999999999997,3276.2279,800,0.00511910609375
0.8522999999999997,3299.9041,800,0.00515610015625
0.8523999999999997,3314.73525,800,0.005179273828125
0.8524999999999997,3278.54945,800,0.005122733515625
0.8525999999999997,3325.6393,800,0.00519631140625
0.8526999999999997,3370.595,800,0.005266554687499999
0.8527999999999997,3440.78245,800,0.005376222578125
0.8528999999999997,3467.18895,800,0.005417482734375
0.8529999999999996,3486.08115,800,0.005447001796875
0.8530999999999996,3471.9385,800,0.00542490390625
0.8531999999999996,3495.05775,800,0.005461027734375
0.8532999999999996,3532.5466,800,0.0055196040625
0.8533999999999996,3577.5929,800,0.00558998890625
0.8534999999999996,3650.98775,800,0.005704668359375
0.8535999999999996,3792.5792,800,0.005925905
0.8536999999999996,3832.46935,800,0.005988233359375
0.8537999999999996,4064.53055,800,0.006350828984375
0.8538999999999995,4185.51725,800,0.006539870703125
0.8539999999999995,4301.2931,800,0.00672077046875
0.8540999999999995,4281.43735,800,0.006689745859375
0.8541999999999995,4364.694,800,0.006819834375000001
0.8542999999999995,4346.1591,800,0.00679087359375
0.8543999999999995,4563.42545,800,0.007130352265625
0.8544999999999995,4711.55475,800,0.007361804296875001
0.8545999999999995,4945.19605,800,0.007726868828125
0.8546999999999995,5305.35715,800,0.008289620546875
0.8547999999999994,5710.77725,800,0.008923089453125
0.8548999999999994,5905.47605,800,0.009227306328125
0.8549999999999994,6097.86785,800,0.009527918515624999
0.8550999999999994,6223.3074,800,0.0097239178125
0.8551999999999994,6205.64425,800,0.009696319140625
0.8552999999999994,6388.199,800,0.0099815609375
0.8553999999999994,6796.01155,800,0.010618768046875001
0.8554999999999994,7052.45605,800,0.011019462578125
0.8555999999999994,7659.38345,800,0.011967786640625
0.8556999999999994,8207.6213,800,0.012824408281250001
0.8557999999999993,8541.74265,800,0.013346472890625
0.8558999999999993,8592.1036,800,0.013425161875000001
0.8559999999999993,8882.30355,800,0.013878599296875
0.8560999999999993,8906.21355,800,0.013915958671875001
0.8561999999999993,9038.39305,800,0.014122489140625001
0.8562999999999993,9273.3719,800,0.01448964359375
0.8563999999999993,9846.4449,800,0.015385070156250001
0.8564999999999993,10222.95815,800,0.015973372109375
0.8565999999999993,10630.8174,800,0.016610652187499998
0.8566999999999992,10909.5936,800,0.01704624
0.8567999999999992,11478.7402,800,0.0179355315625
0.8568999999999992,11574.84175,800,0.018085690234375
0.8569999999999992,11628.77845,800,0.018169966328125
0.8570999999999992,11683.7266,800,0.0182558228125
0.8571999999999992,11788.1741,800,0.01841902203125
0.8572999999999992,12298.6251,800,0.01921660171875
0.8573999999999992,12510.64015,800,0.019547875234374998
0.8574999999999992,13434.64105,800,0.020991626640625
0.8575999999999991,13359.0453,800,0.020873508281249998
0.8576999999999991,13863.2327,800,0.02166130109375
0.8577999999999991,13604.0876,800,0.021256386875
0.8578999999999991,13731.64795,800,0.021455699921875
0.8579999999999991,13982.86905,800,0.021848232890625
0.8580999999999991,14196.8756,800,0.022182618124999998
0.8581999999999991,14352.2639,800,0.02242541234375
0.8582999999999991,14340.15055,800,0.022406485234375
0.858399999999999,14118.89285,800,0.022060770078125
0.858499999999999,14483.9475,800,0.02263116796875
0.858599999999999,14365.7315,800,0.02244645546875
0.858699999999999,14921.17365,800,0.023314333828125002
0.858799999999999,15368.8147,800,0.02401377296875
0.858899999999999,15896.13285,800,0.024837707578125
0.858999999999999,16561.87925,800,0.025877936328125004
0.859099999999999,16727.21455,800,0.026136272734375
0.859199999999999,16928.031,800,0.0264500484375
0.859299999999999,17076.73935,800,0.026682405234375
0.8593999999999989,17895.21605,800,0.027961275078125
0.8594999999999989,18786.9491,800,0.02935460796875
0.8595999999999989,20737.8574,800,0.0324029021875
0.8596999999999989,23394.9704,800,0.03655464125
0.8597999999999989,25335.75075,800,0.039587110546875
0.8598999999999989,25879.8831,800,0.04043731734375
0.8599999999999989,26626.52845,800,0.041603950703125
0.8600999999999989,26789.3277,800,0.041858324531250005
0.8601999999999989,28474.48785,800,0.044491387265625
0.8602999999999988,31312.9578,800,0.0489264965625
0.8603999999999988,32987.20745,800,0.051542511640625004
0.8604999999999988,32605.1353,800,0.050945523906250005
0.8605999999999988,31067.8088,800,0.04854345125
0.8606999999999988,24779.6593,800,0.03871821765625
0.8607999999999988,24347.29995,800,0.038042656171875
0.8608999999999988,23000.04905,800,0.035937576640625
0.8609999999999988,22109.43685,800,0.034545995078124996
0.8610999999999988,16788.7811,800,0.02623247046875
0.8611999999999987,11846.3782,800,0.018509965937499998
0.8612999999999987,10044.8074,800,0.0156950115625
0.8613999999999987,6422.14215,800,0.010034597109375
0.8614999999999987,5833.9562,800,0.0091155565625
0.8615999999999987,5715.52755,800,0.008930511796875
0.8616999999999987,5409.92945,800,0.008453014765625
0.8617999999999987,4763.1016,800,0.00744234625
0.8618999999999987,3956.268,800,0.00618166875
0.8619999999999987,3473.51655,800,0.005427369609375
0.8620999999999986,2896.83075,800,0.004526298046875
0.8621999999999986,2286.9022,800,0.0035732846875
0.8622999999999986,2376.46,800,0.00371321875
0.8623999999999986,2291.01235,800,0.003579706796875
0.8624999999999986,2284.6689,800,0.00356979515625
0.8625999999999986,1679.57645,800,0.002624338203125
0.8626999999999986,1542.1841,800,0.00240966265625
0.8627999999999986,1470.01865,800,0.002296904140625
0.8628999999999986,1453.4118,800,0.0022709559375000002
0.8629999999999985,1420.47405,800,0.0022194907031250002
0.8630999999999985,1439.68355,800,0.002249505546875
0.8631999999999985,1400.3789,800,0.00218809203125
0.8632999999999985,1448.56995,800,0.0022633905468750003
0.8633999999999985,1389.07515,800,0.0021704299218749997
0.8634999999999985,1371.6828,800,0.002143254375
0.8635999999999985,1408.33235,800,0.002200519296875
0.8636999999999985,1363.5742,800,0.0021305846875
0.8637999999999985,1388.9356,800,0.002170211875
0.8638999999999984,1385.4763,800,0.00216480671875
0.8639999999999984,1332.35045,800,0.002081797578125
0.8640999999999984,1247.361,800,0.0019490015625000003
0.8641999999999984,1206.24235,800,0.001884753671875
0.8642999999999984,1195.5718,800,0.0018680809375
0.8643999999999984,1212.6479,800,0.00189476234375
0.8644999999999984,1170.85805,800,0.001829465703125
0.8645999999999984,1131.37365,800,0.001767771328125
0.8646999999999984,1090.7728,800,0.0017043325
0.8647999999999983,1004.73985,800,0.001569906015625
0.8648999999999983,952.7205,800,0.00148862578125
0.8649999999999983,956.7717,800,0.00149495578125
0.8650999999999983,933.63395,800,0.001458803046875
0.8651999999999983,923.7971,800,0.00144343296875
0.8652999999999983,806.99615,800,0.0012609314843749998
0.8653999999999983,690.40055,800,0.0010787508593749998
0.8654999999999983,613.9617,800,0.0009593151562499999
0.8655999999999983,585.86415,800,0.000915412734375
0.8656999999999982,574.8456,800,0.00089819625
0.8657999999999982,568.979,800,0.0008890296875
0.8658999999999982,537.1483,800,0.00083929421875
0.8659999999999982,493.5062,800,0.0007711034375
0.8660999999999982,419.9153,800,0.00065611765625
0.8661999999999982,402.9908,800,0.000629673125
0.8662999999999982,383.9791,800,0.00059996734375
0.8663999999999982,381.6023,800,0.00059625359375
0.8664999999999982,366.29875,800,0.000572341796875
0.8665999999999981,336.69135,800,0.000526080234375
0.8666999999999981,292.96495,800,0.000457757734375
0.8667999999999981,237.51305,800,0.000371114140625
0.8668999999999981,237.7831,800,0.00037153609375
0.8669999999999981,235.47215,800,0.000367925234375
0.8670999999999981,238.72395,800,0.000373006171875
0.8671999999999981,233.1702,800,0.0003643284375
0.8672999999999981,220.9169,800,0.00034518265625
0.8673999999999981,201.16055,800,0.000314313359375
0.867499999999998,203.59785,800,0.000318121640625
0.867599999999998,202.95045,800,0.00031711007812499996
0.867699999999998,202.42585,800,0.000316290390625
0.867799999999998,204.12035,800,0.000318938046875
0.867899999999998,202.15405,800,0.00031586570312500004
0.867999999999998,201.71305,800,0.000315176640625
0.868099999999998,201.6238,800,0.0003150371875
0.868199999999998,202.2547,800,0.00031602296875000004
0.868299999999998,198.7389,800,0.00031052953125
0.868399999999998,201.2721,800,0.00031448765625
0.8684999999999979,200.475,800,0.0003132421875
0.8685999999999979,197.20115,800,0.000308126796875
0.8686999999999979,207.60295,800,0.00032437960937499997
0.8687999999999979,200.8896,800,0.00031389
0.8688999999999979,203.87235,800,0.000318550546875
0.8689999999999979,204.52455,800,0.000319569609375
0.8690999999999979,195.9105,800,0.00030611015625000003
0.8691999999999979,189.74945,800,0.000296483515625
0.8692999999999979,194.301,800,0.0003035953125
0.8693999999999978,190.26665,800,0.00029729164062499997
0.8694999999999978,188.8065,800,0.00029501015625
0.8695999999999978,180.61515,800,0.000282211171875
0.8696999999999978,171.1415,800,0.00026740859375
0.8697999999999978,166.8664,800,0.00026072875
0.8698999999999978,159.6061,800,0.00024938453125
0.8699999999999978,165.55705,800,0.000258682890625
0.8700999999999978,159.0897,800,0.00024857765624999997
0.8701999999999978,151.8228,800,0.000237223125
0.8702999999999977,145.2337,800,0.00022692765625
0.8703999999999977,132.06015,800,0.000206343984375
0.8704999999999977,137.0286,800,0.0002141071875
0.8705999999999977,136.63185,800,0.00021348726562499997
0.8706999999999977,140.29805,800,0.000219215703125
0.8707999999999977,119.62945,800,0.00018692101562500001
0.8708999999999977,108.87665,800,0.000170119765625
0.8709999999999977,93.7426,800,0.00014647281249999998
0.8710999999999977,93.02955,800,0.000145358671875
0.8711999999999976,95.29615,800,0.000148900234375
0.8712999999999976,87.90895,800,0.000137357734375
0.8713999999999976,71.0347,800,0.00011099171875
0.8714999999999976,64.857,800,0.0001013390625
0.8715999999999976,66.7975,800,0.00010437109375
0.8716999999999976,72.2452,800,0.000112883125
0.8717999999999976,65.719,800,0.00010268593749999999
0.8718999999999976,68.6864,800,0.00010732250000000001
0.8719999999999976,65.1487,800,0.00010179484375000001
0.8720999999999975,72.00355,800,0.000112505546875
0.8721999999999975,85.9396,800,0.000134280625
0.8722999999999975,79.92095,800,0.00012487648437500002
0.8723999999999975,83.1741,800,0.00012995953124999999
0.8724999999999975,82.87,800,0.00012948437500000002
0.8725999999999975,84.42245,800,0.000131910078125
0.8726999999999975,84.2265,800,0.00013160390625
0.8727999999999975,84.46815,800,0.000131981484375
0.8728999999999975,82.035,800,0.00012817968749999998
0.8729999999999974,83.134,800,0.000129896875
0.8730999999999974,82.56465,800,0.000129007265625
0.8731999999999974,82.55655,800,0.000128994609375
0.8732999999999974,82.9275,800,0.00012957421875
0.8733999999999974,80.4108,800,0.00012564187499999999
0.8734999999999974,85.9069,800,0.00013422953125
0.8735999999999974,85.7038,800,0.0001339121875
0.8736999999999974,86.13685,800,0.000134588828125
0.8737999999999974,86.0707,800,0.00013448546875
0.8738999999999973,84.5304,800,0.00013207875
0.8739999999999973,81.4629,800,0.00012728578125
0.8740999999999973,81.5071,800,0.00012735484375
0.8741999999999973,75.52015,800,0.00011800023437500001
0.8742999999999973,78.785,800,0.0001231015625
0.8743999999999973,76.34395,800,0.000119287421875
0.8744999999999973,70.357,800,0.0001099328125
0.8745999999999973,67.80715,800,0.000105948671875
0.8746999999999973,65.86015,800,0.00010290648437500001
0.8747999999999972,65.53965,800,0.00010240570312499999
0.8748999999999972,60.92805,800,9.5200078125e-05
0.8749999999999972,38.89015,800,6.0765859375e-05
0.5,80.6453,1024,8.06453e-05
0.55,57.8597,1024,5.78597e-05
0.6000000000000001,48.0332,1024,4.80332e-05
0.6500000000000001,31.7759,1024,3.17759e-05
0.7000000000000002,13.2529,1024,1.32529e-05
0.7500000000000002,24.0398,1024,2.40398e-05
0.8,76.3352,1024,7.63352e-05
0.8000000000000003,75.9455,1024,7.59455e-05
0.8001,76.5227,1024,7.65227e-05
0.8002,75.9506,1024,7.595059999999999e-05
0.8003,76.8696,1024,7.68696e-05
0.8004,77.0521,1024,7.70521e-05
0.8005,77.388,1024,7.738800000000001e-05
0.8006,77.4389,1024,7.743890000000001e-05
0.8007,78.2498,1024,7.824979999999999e-05
0.8008,78.2409,1024,7.824089999999999e-05
0.8009,78.1045,1024,7.81045e-05
0.8009999999999999,78.6164,1024,7.86164e-05
0.8010999999999999,79.1928,1024,7.919280000000001e-05
0.8011999999999999,78.9837,1024,7.89837e-05
0.8012999999999999,79.8407,1024,7.98407e-05
0.8013999999999999,79.5902,1024,7.95902e-05
0.8014999999999999,79.8223,1024,7.98223e-05
0.8015999999999999,80.3992,1024,8.039919999999999e-05
0.8016999999999999,80.4357,1024,8.043569999999999e-05
0.8017999999999998,80.7971,1024,8.07971e-05
0.8018999999999998,79.8505,1024,7.98505e-05
0.8019999999999998,80.6369,1024,8.06369e-05
0.8020999999999998,81.5501,1024,8.15501e-05
0.8021999999999998,82.0093,1024,8.20093e-05
0.8022999999999998,81.174,1024,8.1174e-05
0.8023999999999998,81.4552,1024,8.14552e-05
0.8024999999999998,81.9095,1024,8.19095e-05
0.8025999999999998,82.2199,1024,8.22199e-05
0.8026999999999997,81.7146,1024,8.17146e-05
0.8027999999999997,82.3972,1024,8.23972e-05
0.8028999999999997,82.9357,1024,8.29357e-05
0.8029999999999997,81.9172,1024,8.19172e-05
0.8030999999999997,83.0462,1024,8.30462e-05
0.8031999999999997,82.5662,1024,8.25662e-05
0.8032999999999997,83.2026,1024,8.320260000000001e-05
0.8033999999999997,83.0585,1024,8.30585e-05
0.8034999999999997,83.6751,1024,8.36751e-05
0.8035999999999996,84.1816,1024,8.41816e-05
0.8036999999999996,84.9051,1024,8.490510000000001e-05
0.8037999999999996,84.2911,1024,8.42911e-05
0.8038999999999996,85.0654,1024,8.50654e-05
0.8039999999999996,85.491,1024,8.5491e-05
0.8040999999999996,85.4616,1024,8.54616e-05
0.8041999999999996,85.7946,1024,8.57946e-05
0.8042999999999996,86.092,1024,8.6092e-05
0.8043999999999996,86.165,1024,8.616500000000001e-05
0.8044999999999995,87.0365,1024,8.70365e-05
0.8045999999999995,85.7442,1024,8.574420000000001e-05
0.8046999999999995,86.7079,1024,8.670789999999999e-05
0.8047999999999995,86.9405,1024,8.69405e-05
0.8048999999999995,87.5266,1024,8.75266e-05
0.8049999999999995,87.7724,1024,8.77724e-05
0.8050999999999995,87.2906,1024,8.72906e-05
0.8051999999999995,88.3672,1024,8.83672e-05
0.8052999999999995,87.9712,1024,8.79712e-05
0.8053999999999994,88.3238,1024,8.83238e-05
0.8054999999999994,88.7007,1024,8.87007e-05
0.8055999999999994,88.9062,1024,8.890619999999999e-05
0.8056999999999994,88.9599,1024,8.895990000000001e-05
0.8057999999999994,89.5966,1024,8.959659999999999e-05
0.8058999999999994,90.8953,1024,9.089530000000001e-05
0.8059999999999994,91.5106,1024,9.15106e-05
0.8060999999999994,90.9938,1024,9.099379999999999e-05
0.8061999999999994,91.7401,1024,9.174009999999999e-05
0.8062999999999994,92.0094,1024,9.20094e-05
0.8063999999999993,93.468,1024,9.346800000000001e-05
0.8064999999999993,93.6133,1024,9.36133e-05
0.8065999999999993,94.2592,1024,9.425920000000001e-05
0.8066999999999993,93.4193,1024,9.34193e-05
0.8067999999999993,95.1927,1024,9.51927e-05
0.8068999999999993,95.7192,1024,9.57192e-05
0.8069999999999993,96.1812,1024,9.61812e-05
0.8070999999999993,97.0001,1024,9.70001e-05
0.8071999999999993,97.8836,1024,9.78836e-05
0.8072999999999992,98.017,1024,9.8017e-05
0.8073999999999992,98.4973,1024,9.84973e-05
0.8074999999999992,98.072,1024,9.8072e-05
0.8075999999999992,98.1624,1024,9.81624e-05
0.8076999999999992,98.5049,1024,9.850490000000001e-05
0.8077999999999992,99.0034,1024,9.90034e-05
0.8078999999999992,99.4806,1024,9.948059999999999e-05
0.8079999999999992,101.0079,1024,0.00010100790000000001
0.8080999999999992,100.9682,1024,0.0001009682
0.8081999999999991,101.9891,1024,0.0001019891
0.8082999999999991,101.3528,1024,0.0001013528
0.8083999999999991,101.9516,1024,0.0001019516
0.8084999999999991,103.4789,1024,0.0001034789
0.8085999999999991,104.3537,1024,0.0001043537
0.8086999999999991,105.0817,1024,0.0001050817
0.8087999999999991,105.7463,1024,0.00010574630000000001
0.8088999999999991,107.657,1024,0.000107657
0.808999999999999,108.3741,1024,0.0001083741
0.809099999999999,108.8755,1024,0.0001088755
0.809199999999999,110.4299,1024,0.0001104299
0.809299999999999,111.106,1024,0.00011110599999999999
0.809399999999999,111.7778,1024,0.0001117778
0.809499999999999,113.4456,1024,0.0001134456
0.809599999999999,114.9847,1024,0.0001149847
0.809699999999999,116.1317,1024,0.0001161317
0.809799999999999,116.066,1024,0.000116066
0.809899999999999,118.163,1024,0.000118163
0.8099999999999989,118.461,1024,0.000118461
0.8100999999999989,118.9914,1024,0.0001189914
0.8101999999999989,119.7997,1024,0.0001197997
0.8102999999999989,119.5152,1024,0.0001195152
0.8103999999999989,119.4368,1024,0.0001194368
0.8104999999999989,121.2527,1024,0.0001212527
0.8105999999999989,120.851,1024,0.000120851
0.8106999999999989,121.5855,1024,0.00012158549999999999
0.8107999999999989,123.1186,1024,0.0001231186
0.8108999999999988,123.2086,1024,0.0001232086
0.8109999999999988,124.0868,1024,0.0001240868
0.8110999999999988,126.4213,1024,0.0001264213
0.8111999999999988,127.7533,1024,0.0001277533
0.8112999999999988,127.9086,1024,0.0001279086
0.8113999999999988,129.1442,1024,0.00012914420000000002
0.8114999999999988,130.2741,1024,0.0001302741
0.8115999999999988,132.572,1024,0.000132572
0.8116999999999988,134.0955,1024,0.0001340955
0.8117999999999987,134.7567,1024,0.0001347567
0.8118999999999987,134.9906,1024,0.0001349906
0.8119999999999987,137.6576,1024,0.0001376576
0.8120999999999987,139.5847,1024,0.0001395847
0.8121999999999987,139.2179,1024,0.00013921789999999997
0.8122999999999987,140.5023,1024,0.0001405023
0.8123999999999987,141.9907,1024,0.0001419907
0.8124999999999987,143.0206,1024,0.0001430206
0.8125999999999987,144.807,1024,0.000144807
0.8126999999999986,145.1472,1024,0.0001451472
0.8127999999999986,145.7772,1024,0.0001457772
0.8128999999999986,146.457,1024,0.00014645699999999998
0.8129999999999986,147.3246,1024,0.00014732460000000002
0.8130999999999986,148.6283,1024,0.0001486283
0.8131999999999986,148.871,1024,0.00014887100000000002
0.8132999999999986,150.2669,1024,0.00015026689999999998
0.8133999999999986,150.3431,1024,0.0001503431
0.8134999999999986,152.1051,1024,0.0001521051
0.8135999999999985,152.5591,1024,0.0001525591
0.8136999999999985,153.8911,1024,0.0001538911
0.8137999999999985,155.8904,1024,0.0001558904
0.8138999999999985,155.9898,1024,0.00015598980000000002
0.8139999999999985,158.8227,1024,0.0001588227
0.8140999999999985,159.0566,1024,0.0001590566
0.8141999999999985,161.4788,1024,0.0001614788
0.8142999999999985,164.2934,1024,0.00016429339999999998
0.8143999999999985,163.4822,1024,0.00016348220000000002
0.8144999999999984,164.4234,1024,0.0001644234
0.8145999999999984,164.8382,1024,0.0001648382
0.8146999999999984,167.6987,1024,0.0001676987
0.8147999999999984,168.1858,1024,0.0001681858
0.8148999999999984,169.0049,1024,0.0001690049
0.8149999999999984,170.0759,1024,0.00017007589999999998
0.8150999999999984,170.8242,1024,0.0001708242
0.8151999999999984,174.1844,1024,0.0001741844
0.8152999999999984,173.0742,1024,0.0001730742
0.8153999999999983,175.0797,1024,0.0001750797
0.8154999999999983,173.8123,1024,0.0001738123
0.8155999999999983,175.4118,1024,0.0001754118
0.8156999999999983,176.7198,1024,0.0001767198
0.8157999999999983,176.739,1024,0.000176739
0.8158999999999983,178.906,1024,0.000178906
0.8159999999999983,179.5376,1024,0.0001795376
0.8160999999999983,180.4168,1024,0.0001804168
0.8161999999999983,179.9026,1024,0.0001799026
0.8162999999999982,181.8287,1024,0.0001818287
0.8163999999999982,182.8522,1024,0.00018285220000000002
0.8164999999999982,186.2715,1024,0.00018627150000000001
0.8165999999999982,185.9099,1024,0.00018590989999999998
0.8166999999999982,187.1681,1024,0.00018716810000000001
0.8167999999999982,189.1416,1024,0.0001891416
0.8168999999999982,190.8052,1024,0.00019080520000000001
0.8169999999999982,190.4767,1024,0.0001904767
0.8170999999999982,193.2508,1024,0.0001932508
0.8171999999999982,196.3807,1024,0.00019638069999999998
0.8172999999999981,195.585,1024,0.00019558500000000002
0.8173999999999981,195.1436,1024,0.00019514359999999999
0.8174999999999981,196.1854,1024,0.00019618539999999998
0.8175999999999981,196.5105,1024,0.0001965105
0.8176999999999981,198.0016,1024,0.0001980016
0.8177999999999981,196.1507,1024,0.0001961507
0.8178999999999981,198.5538,1024,0.0001985538
0.8179999999999981,200.4555,1024,0.0002004555
0.818099999999998,199.5187,1024,0.0001995187
0.818199999999998,200.1718,1024,0.0002001718
0.818299999999998,201.9559,1024,0.0002019559
0.818399999999998,204.7926,1024,0.0002047926
0.818499999999998,207.1953,1024,0.0002071953
0.818599999999998,207.3249,1024,0.0002073249
0.818699999999998,207.8047,1024,0.00020780469999999999
0.818799999999998,211.8471,1024,0.0002118471
0.818899999999998,215.0329,1024,0.00021503290000000002
0.818999999999998,216.5024,1024,0.00021650239999999998
0.8190999999999979,218.1492,1024,0.00021814920000000002
0.8191999999999979,220.3261,1024,0.0002203261
0.8192999999999979,220.8518,1024,0.0002208518
0.8193999999999979,221.5787,1024,0.0002215787
0.8194999999999979,224.9088,1024,0.0002249088
0.8195999999999979,226.3541,1024,0.0002263541
0.8196999999999979,225.7084,1024,0.0002257084
0.8197999999999979,227.7811,1024,0.00022778110000000001
0.8198999999999979,227.8686,1024,0.00022786859999999998
0.8199999999999978,230.4105,1024,0.00023041050000000002
0.8200999999999978,229.2623,1024,0.0002292623
0.8201999999999978,231.3985,1024,0.00023139850000000002
0.8202999999999978,234.3691,1024,0.0002343691
0.8203999999999978,240.7393,1024,0.00024073929999999998
0.8204999999999978,240.3562,1024,0.00024035620000000001
0.8205999999999978,243.8765,1024,0.0002438765
0.8206999999999978,249.7356,1024,0.0002497356
0.8207999999999978,256.6367,1024,0.0002566367
0.8208999999999977,257.1499,1024,0.0002571499
0.8209999999999977,262.0703,1024,0.0002620703
0.8210999999999977,265.0539,1024,0.0002650539
0.8211999999999977,271.8935,1024,0.0002718935
0.8212999999999977,275.057,1024,0.000275057
0.8213999999999977,277.5531,1024,0.00027755309999999997
0.8214999999999977,284.0607,1024,0.0002840607
0.8215999999999977,283.2599,1024,0.00028325990000000004
0.8216999999999977,287.5201,1024,0.0002875201
0.8217999999999976,291.2791,1024,0.0002912791
0.8218999999999976,293.8187,1024,0.00029381869999999997
0.8219999999999976,295.9687,1024,0.0002959687
0.8220999999999976,295.633,1024,0.000295633
0.8221999999999976,301.1044,1024,0.0003011044
0.8222999999999976,305.1035,1024,0.0003051035
0.8223999999999976,306.5941,1024,0.0003065941
0.8224999999999976,315.9698,1024,0.00031596980000000004
0.8225999999999976,322.8145,1024,0.0003228145
0.8226999999999975,329.7848,1024,0.0003297848
0.8227999999999975,332.1477,1024,0.0003321477
0.8228999999999975,342.3549,1024,0.0003423549
0.8229999999999975,347.9421,1024,0.0003479421
0.8230999999999975,354.3888,1024,0.0003543888
0.8231999999999975,359.6945,1024,0.0003596945
0.8232999999999975,356.2754,1024,0.0003562754
0.8233999999999975,362.6289,1024,0.00036262889999999997
0.8234999999999975,366.8052,1024,0.0003668052
0.8235999999999974,377.4819,1024,0.0003774819
0.8236999999999974,386.3585,1024,0.0003863585
0.8237999999999974,380.7836,1024,0.0003807836
0.8238999999999974,389.67,1024,0.00038967
0.8239999999999974,389.7024,1024,0.0003897024
0.8240999999999974,395.0019,1024,0.0003950019
0.8241999999999974,394.319,1024,0.000394319
0.8242999999999974,410.0728,1024,0.0004100728
0.8243999999999974,413.1895,1024,0.0004131895
0.8244999999999973,414.7928,1024,0.0004147928
0.8245999999999973,422.8697,1024,0.0004228697
0.8246999999999973,430.1156,1024,0.0004301156
0.8247999999999973,433.7795,1024,0.0004337795
0.8248999999999973,428.0717,1024,0.0004280717
0.8249999999999973,417.8306,1024,0.0004178306
0.8250999999999973,423.0721,1024,0.00042307209999999996
0.8251999999999973,438.2086,1024,0.0004382086
0.8252999999999973,470.6374,1024,0.0004706374
0.8253999999999972,463.0896,1024,0.0004630896
0.8254999999999972,465.6868,1024,0.0004656868
0.8255999999999972,473.2143,1024,0.0004732143
0.8256999999999972,475.8692,1024,0.0004758692
0.8257999999999972,476.7296,1024,0.0004767296
0.8258999999999972,482.1545,1024,0.0004821545
0.8259999999999972,491.3697,1024,0.0004913697
0.8260999999999972,493.3739,1024,0.0004933739
0.8261999999999972,503.2968,1024,0.0005032968
0.8262999999999971,513.3541,1024,0.0005133541
0.8263999999999971,517.0479,1024,0.0005170479000000001
0.8264999999999971,536.3956,1024,0.0005363955999999999
0.8265999999999971,546.158,1024,0.000546158
0.8266999999999971,548.497,1024,0.000548497
0.8267999999999971,571.4433,1024,0.0005714433
0.8268999999999971,572.2028,1024,0.0005722028
0.8269999999999971,575.3831,1024,0.0005753831
0.8270999999999971,584.9412,1024,0.0005849412
0.827199999999997,581.0525,1024,0.0005810525
0.827299999999997,586.1864,1024,0.0005861864000000001
0.827399999999997,589.2422,1024,0.0005892422
0.827499999999997,597.1803,1024,0.0005971803
0.827599999999997,596.972,1024,0.000596972
0.827699999999997,594.8793,1024,0.0005948793
0.827799999999997,596.121,1024,0.000596121
0.827899999999997,605.105,1024,0.000605105
0.827999999999997,600.9266,1024,0.0006009266
0.828099999999997,610.9513,1024,0.0006109513
0.8281999999999969,605.1696,1024,0.0006051695999999999
0.8282999999999969,611.8561,1024,0.0006118561
0.8283999999999969,622.8279,1024,0.0006228279
0.8284999999999969,623.7305,1024,0.0006237305
0.8285999999999969,629.9774,1024,0.0006299774
0.8286999999999969,644.6127,1024,0.0006446127
0.8287999999999969,648.1564,1024,0.0006481563999999999
0.8288999999999969,653.4706,1024,0.0006534706
0.8289999999999969,666.4481,1024,0.0006664481
0.8290999999999968,659.0046,1024,0.0006590046
0.8291999999999968,672.1088,1024,0.0006721088
0.8292999999999968,671.583,1024,0.000671583
0.8293999999999968,675.2217,1024,0.0006752217000000001
0.8294999999999968,684.5954,1024,0.0006845954
0.8295999999999968,691.893,1024,0.0006918930000000001
0.8296999999999968,691.3765,1024,0.0006913765
0.8297999999999968,703.9139,1024,0.0007039139
0.8298999999999968,702.5817,1024,0.0007025817
0.8299999999999967,708.6866,1024,0.0007086866
0.8300999999999967,746.2943,1024,0.0007462943
0.8301999999999967,753.0801,1024,0.0007530801
0.8302999999999967,772.6518,1024,0.0007726518
0.8303999999999967,791.5442,1024,0.0007915442
0.8304999999999967,798.7303,1024,0.0007987303000000001
0.8305999999999967,810.2,1024,0.0008102000000000001
0.8306999999999967,823.5402,1024,0.0008235402000000001
0.8307999999999967,833.9125,1024,0.0008339125
0.8308999999999966,838.3338,1024,0.0008383338
0.8309999999999966,853.4542,1024,0.0008534542
0.8310999999999966,853.563,1024,0.000853563
0.8311999999999966,847.5006,1024,0.0008475005999999999
0.8312999999999966,873.2143,1024,0.0008732143
0.8313999999999966,880.2846,1024,0.0008802845999999999
0.8314999999999966,906.798,1024,0.000906798
0.8315999999999966,932.0584,1024,0.0009320584
0.8316999999999966,952.4747,1024,0.0009524746999999999
0.8317999999999965,957.9953,1024,0.0009579953
0.8318999999999965,966.8902,1024,0.0009668902
0.8319999999999965,978.6338,1024,0.0009786337999999999
0.8320999999999965,1012.2975,1024,0.0010122975
0.8321999999999965,1010.288,1024,0.001010288
0.8322999999999965,1049.8721,1024,0.0010498721000000001
0.8323999999999965,1047.6323,1024,0.0010476323
0.8324999999999965,1046.4993,1024,0.0010464992999999999
0.8325999999999965,1061.5525,1024,0.0010615525
0.8326999999999964,1062.2666,1024,0.0010622665999999998
0.8327999999999964,1079.7115,1024,0.0010797114999999999
0.8328999999999964,1094.9168,1024,0.0010949167999999999
0.8329999999999964,1083.6819,1024,0.0010836819
0.8330999999999964,1067.4046,1024,0.0010674046
0.8331999999999964,1056.703,1024,0.001056703
0.8332999999999964,969.7791,1024,0.0009697791
0.8333999999999964,522.9266,1024,0.0005229266
0.8334999999999964,527.5571,1024,0.0005275571
0.8335999999999963,572.9831,1024,0.0005729831
0.8336999999999963,571.1221,1024,0.0005711221
0.8337999999999963,577.8968,1024,0.0005778968
0.8338999999999963,577.442,1024,0.0005774420000000001
0.8339999999999963,575.806,1024,0.000575806
0.8340999999999963,585.8687,1024,0.0005858686999999999
0.8341999999999963,586.1349,1024,0.0005861349
0.8342999999999963,592.9195,1024,0.0005929195
0.8343999999999963,609.2659,1024,0.0006092659
0.8344999999999962,616.8105,1024,0.0006168105
0.8345999999999962,639.5225,1024,0.0006395225000000001
0.8346999999999962,660.9419,1024,0.0006609419
0.8347999999999962,678.6073,1024,0.0006786073
0.8348999999999962,789.7489,1024,0.0007897489
0.8349999999999962,790.838,1024,0.000790838
0.8350999999999962,797.3902,1024,0.0007973902000000001
0.8351999999999962,790.6885,1024,0.0007906885
0.8352999999999962,798.9372,1024,0.0007989372
0.8353999999999961,793.4856,1024,0.0007934856
0.8354999999999961,801.0913,1024,0.0008010913000000001
0.8355999999999961,800.2916,1024,0.0008002916000000001
0.8356999999999961,799.4759,1024,0.0007994759
0.8357999999999961,808.2778,1024,0.0008082778
0.8358999999999961,817.4474,1024,0.0008174474
0.8359999999999961,812.1857,1024,0.0008121857
0.8360999999999961,815.2515,1024,0.0008152515
0.8361999999999961,810.278,1024,0.000810278
0.836299999999996,813.9133,1024,0.0008139133000000001
0.836399999999996,812.7089,1024,0.0008127089
0.836499999999996,824.6597,1024,0.0008246597000000001
0.836599999999996,821.8962,1024,0.0008218962
0.836699999999996,843.3787,1024,0.0008433787
0.836799999999996,839.9519,1024,0.0008399519
0.836899999999996,835.759,1024,0.000835759
0.836999999999996,850.7432,1024,0.0008507432
0.837099999999996,856.254,1024,0.000856254
0.837199999999996,849.9181,1024,0.0008499181
0.8372999999999959,863.675,1024,0.000863675
0.8373999999999959,858.699,1024,0.000858699
0.8374999999999959,860.6422,1024,0.0008606422
0.8375999999999959,870.6345,1024,0.0008706345
0.8376999999999959,873.0701,1024,0.0008730701
0.8377999999999959,884.9584,1024,0.0008849584
0.8378999999999959,896.045,1024,0.0008960449999999999
0.8379999999999959,902.6602,1024,0.0009026602000000001
0.8380999999999958,924.0422,1024,0.0009240422
0.8381999999999958,928.2134,1024,0.0009282134
0.8382999999999958,951.4356,1024,0.0009514356
0.8383999999999958,951.4177,1024,0.0009514177
0.8384999999999958,955.4662,1024,0.0009554661999999999
0.8385999999999958,963.877,1024,0.0009638769999999999
0.8386999999999958,969.7893,1024,0.0009697893
0.8387999999999958,964.3278,1024,0.0009643278
0.8388999999999958,972.0145,1024,0.0009720145
0.8389999999999957,990.2065,1024,0.0009902065
0.8390999999999957,1006.2999,1024,0.0010062999
0.8391999999999957,1035.16,1024,0.00103516
0.8392999999999957,1055.0624,1024,0.0010550624
0.8393999999999957,1090.2309,1024,0.0010902309
0.8394999999999957,1095.8768,1024,0.0010958768
0.8395999999999957,1115.3875,1024,0.0011153875
0.8396999999999957,1123.7513,1024,0.0011237513
0.8397999999999957,1128.1433,1024,0.0011281433
0.8398999999999957,1146.1605,1024,0.0011461605
0.8399999999999956,1152.963,1024,0.001152963
0.8400999999999956,1151.1593,1024,0.0011511593
0.8401999999999956,1166.4425,1024,0.0011664425000000001
0.8402999999999956,1210.8326,1024,0.0012108326
0.8403999999999956,1207.071,1024,0.0012070709999999999
0.8404999999999956,1284.779,1024,0.001284779
0.8405999999999956,1330.9931,1024,0.0013309931
0.8406999999999956,1396.2325,1024,0.0013962325
0.8407999999999956,1418.9495,1024,0.0014189495
0.8408999999999955,1413.7478,1024,0.0014137478000000002
0.8409999999999955,1415.9026,1024,0.0014159026
0.8410999999999955,1424.3887,1024,0.0014243887
0.8411999999999955,1443.722008923939,1024,0.001443722008923939
0.8412999999999955,1463.6273751657093,1024,0.0014636273751657094
0.8413999999999955,1476.7956071469216,1024,0.0014767956071469216
0.8414999999999955,1519.9197301070265,1024,0.0015199197301070265
0.8415999999999955,1576.6755934978364,1024,0.0015766755934978364
0.8416999999999955,2085.2600095328885,1024,0.0020852600095328886
0.8417999999999954,2095.1024534582666,1024,0.0020951024534582668
0.8418999999999954,2088.3218556972006,1024,0.002088321855697201
0.8419999999999954,2086.879569012548,1024,0.002086879569012548
0.8420999999999954,2077.48294970162,1024,0.0020774829497016197
0.8421999999999954,2090.3124910368565,1024,0.0020903124910368566
0.8422999999999954,2098.687222778652,1024,0.002098687222778652
0.8423999999999954,2093.0391395279357,1024,0.0020930391395279357
0.8424999999999954,2149.5687398911923,1024,0.0021495687398911923
0.8425999999999954,2129.9337768838,1024,0.0021299337768838
0.8426999999999953,2094.7508721852205,1024,0.0020947508721852206
0.8427999999999953,2127.3076662143826,1024,0.0021273076662143824
0.8428999999999953,2154.9758078159366,1024,0.0021549758078159365
0.8429999999999953,2134.191638225256,1024,0.002134191638225256
0.8430999999999953,2130.875312552092,1024,0.0021308753125520922
0.8431999999999953,2124.866864882722,1024,0.002124866864882722
0.8432999999999953,2138.632882453801,1024,0.0021386328824538007
0.8433999999999953,2135.66935050993,1024,0.0021356693505099303
0.8434999999999953,2130.8812386156646,1024,0.002130881238615665
0.8435999999999952,2138.7799962679605,1024,0.0021387799962679604
0.8436999999999952,2146.374737645488,1024,0.002146374737645488
0.8437999999999952,2134.9240714621533,1024,0.0021349240714621533
0.8439,2190.8325,1024,0.0021908325
0.844,2184.3473,1024,0.0021843472999999998
0.8441,2175.4003,1024,0.0021754002999999997
0.8442,2190.1157,1024,0.0021901156999999997
0.8442999999999999,2183.4151,1024,0.0021834151
0.8443999999999999,2183.9376,1024,0.0021839376
0.8444999999999999,2207.3676,1024,0.0022073676
0.8445999999999999,2205.0324,1024,0.0022050324
0.8446999999999999,2237.5826,1024,0.0022375826000000003
0.8447999999999999,2240.93,1024,0.00224093
0.8448999999999999,2247.1602,1024,0.0022471602
0.8449999999999999,2242.4727,1024,0.0022424727
0.8450999999999999,2240.7701,1024,0.0022407701
0.8451999999999998,2284.7806,1024,0.0022847806
0.8452999999999998,2277.5116,1024,0.0022775115999999996
0.8453999999999998,2281.3976,1024,0.0022813976
0.8454999999999998,2288.7042,1024,0.0022887042
0.8455999999999998,2342.3793,1024,0.0023423793
0.8456999999999998,2333.2957,1024,0.0023332957000000002
0.8457999999999998,2336.4024,1024,0.0023364024
0.8458999999999998,2367.3493,1024,0.0023673493
0.8459999999999998,2341.9626,1024,0.0023419625999999997
0.8460999999999997,2350.2359,1024,0.0023502359000000003
0.8461999999999997,2360.4311,1024,0.0023604310999999997
0.8462999999999997,2401.6398,1024,0.0024016398
0.8463999999999997,2441.164,1024,0.002441164
0.8464999999999997,2489.5514,1024,0.0024895513999999997
0.8465999999999997,2465.6821,1024,0.0024656821
0.8466999999999997,2522.9703,1024,0.0025229703
0.8467999999999997,2539.9138,1024,0.0025399138
0.8468999999999997,2519.2342,1024,0.0025192342
0.8469999999999996,2570.2059,1024,0.0025702058999999998
0.8470999999999996,2544.8617,1024,0.0025448617
0.8471999999999996,2640.8906,1024,0.0026408906
0.8472999999999996,2626.3603,1024,0.0026263603
0.8473999999999996,2621.4356,1024,0.0026214356
0.8474999999999996,2632.34,1024,0.00263234
0.8475999999999996,2670.0263,1024,0.0026700263
0.8476999999999996,2697.639,1024,0.002697639
0.8477999999999996,2717.8803,1024,0.0027178803
0.8478999999999995,2805.3224,1024,0.0028053224
0.8479999999999995,2842.2401,1024,0.0028422401
0.8480999999999995,2887.0782,1024,0.0028870782
0.8481999999999995,2913.6085,1024,0.0029136085
0.8482999999999995,2915.5484,1024,0.0029155484
0.8483999999999995,2980.9809,1024,0.0029809809
0.8484999999999995,2947.5577,1024,0.0029475576999999998
0.8485999999999995,2961.8503,1024,0.0029618503
0.8486999999999995,3018.5344,1024,0.0030185344
0.8487999999999994,3051.6648,1024,0.0030516648
0.8488999999999994,3085.0515,1024,0.0030850515
0.8489999999999994,3122.3374,1024,0.0031223374
0.8490999999999994,3204.9078,1024,0.0032049078
0.8491999999999994,3228.8328,1024,0.0032288328000000003
0.8492999999999994,3230.5278,1024,0.0032305278
0.8493999999999994,3256.3403,1024,0.0032563403
0.8494999999999994,3287.3154,1024,0.0032873154
0.8495999999999994,3326.1183,1024,0.0033261183
0.8496999999999993,3332.8125,1024,0.0033328125
0.8497999999999993,3301.4101,1024,0.0033014101
0.8498999999999993,3370.676,1024,0.003370676
0.8499999999999993,3423.3223,1024,0.0034233223
0.8500999999999993,3468.8835,1024,0.0034688835
0.8501999999999993,3536.4013,1024,0.0035364013
0.8502999999999993,3533.2351,1024,0.0035332351
0.8503999999999993,3530.8215,1024,0.0035308215
0.8504999999999993,3495.2302,1024,0.0034952302
0.8505999999999992,3526.5866,1024,0.0035265866
0.8506999999999992,3536.0629,1024,0.0035360629
0.8507999999999992,3577.8386,1024,0.0035778386
0.8508999999999992,3580.245,1024,0.0035802449999999997
0.8509999999999992,3614.709,1024,0.003614709
0.8510999999999992,3586.614,1024,0.003586614
0.8511999999999992,3592.2107,1024,0.0035922107
0.8512999999999992,3666.5903,1024,0.0036665903
0.8513999999999992,3595.8116,1024,0.0035958116
0.8514999999999991,3606.956,1024,0.003606956
0.8515999999999991,3581.858,1024,0.0035818580000000003
0.8516999999999991,3624.5117,1024,0.0036245117
0.8517999999999991,3667.4847,1024,0.0036674847
0.8518999999999991,3657.5171,1024,0.0036575171
0.8519999999999991,3716.3538,1024,0.0037163537999999998
0.8520999999999991,3665.56,1024,0.00366556
0.8521999999999991,3680.3585,1024,0.0036803584999999996
0.8522999999999991,3661.8029,1024,0.0036618029000000003
0.852399999999999,3665.1563,1024,0.0036651563000000002
0.852499999999999,3710.6532,1024,0.0037106532
0.852599999999999,3752.7409,1024,0.0037527409
0.852699999999999,3789.7238,1024,0.0037897238000000003
0.852799999999999,3848.6757,1024,0.0038486757
0.852899999999999,3850.8089,1024,0.0038508089
0.852999999999999,3930.1413,1024,0.0039301412999999995
0.853099999999999,3947.4438,1024,0.0039474438
0.853199999999999,3959.2528,1024,0.0039592528
0.853299999999999,4003.7931,1024,0.0040037931
0.8533999999999989,4068.7293,1024,0.0040687293
0.8534999999999989,4064.4078,1024,0.0040644078
0.8535999999999989,4268.191,1024,0.004268191
0.8536999999999989,4417.7676,1024,0.0044177676
0.8537999999999989,4604.7809,1024,0.0046047809
0.8538999999999989,4746.1602,1024,0.0047461602
0.8539999999999989,4844.6718,1024,0.0048446718
0.8540999999999989,4854.7626,1024,0.0048547626
0.8541999999999988,4927.6255,1024,0.0049276255
0.8542999999999988,4983.7508,1024,0.0049837508
0.8543999999999988,5157.5304,1024,0.0051575304
0.8544999999999988,5365.1456,1024,0.0053651456
0.8545999999999988,5735.7357,1024,0.0057357357
0.8546999999999988,6201.1737,1024,0.006201173700000001
0.8547999999999988,6628.8417,1024,0.0066288417
0.8548999999999988,6807.7858,1024,0.0068077858
0.8549999999999988,7153.3339,1024,0.0071533338999999994
0.8550999999999987,7124.8117,1024,0.0071248117
0.8551999999999987,7064.7092,1024,0.0070647092
0.8552999999999987,7389.3017,1024,0.0073893017
0.8553999999999987,7713.0198,1024,0.0077130198
0.8554999999999987,8211.5847,1024,0.0082115847
0.8555999999999987,8941.6573,1024,0.008941657300000001
0.8556999999999987,9611.1895,1024,0.0096111895
0.8557999999999987,9986.117,1024,0.009986117000000001
0.8558999999999987,10116.0407,1024,0.0101160407
0.8559999999999987,10256.999,1024,0.010256999
0.8560999999999986,10482.6455,1024,0.0104826455
0.8561999999999986,10723.6102,1024,0.010723610199999999
0.8562999999999986,10923.5203,1024,0.0109235203
0.8563999999999986,11549.3025,1024,0.0115493025
0.8564999999999986,12425.1435,1024,0.0124251435
0.8565999999999986,12698.8039,1024,0.012698803900000001
0.8566999999999986,13361.0646,1024,0.0133610646
0.8567999999999986,13194.2337,1024,0.0131942337
0.8568999999999986,13944.4724,1024,0.013944472400000001
0.8569999999999985,13712.0826,1024,0.0137120826
0.8570999999999985,14218.2142,1024,0.0142182142
0.8571999999999985,13798.3827,1024,0.0137983827
0.8572999999999985,14883.2909,1024,0.0148832909
0.8573999999999985,15163.5929,1024,0.0151635929
0.8574999999999985,15841.1359,1024,0.0158411359
0.8575999999999985,15981.2527,1024,0.0159812527
0.8576999999999985,16590.0858,1024,0.0165900858
0.8577999999999985,16836.1988,1024,0.016836198799999997
0.8578999999999984,16434.1588,1024,0.0164341588
0.8579999999999984,16917.6508,1024,0.0169176508
0.8580999999999984,17077.7899,1024,0.0170777899
0.8581999999999984,17056.9904,1024,0.0170569904
0.8582999999999984,17427.1048,1024,0.017427104800000003
0.8583999999999984,17082.7011,1024,0.0170827011
0.8584999999999984,17612.6824,1024,0.017612682400000003
0.8585999999999984,17370.6744,1024,0.0173706744
0.8586999999999984,18042.7908,1024,0.0180427908
0.8587999999999983,18802.0199,1024,0.018802019899999998
0.8588999999999983,19291.2232,1024,0.0192912232
0.8589999999999983,20311.9914,1024,0.0203119914
0.8590999999999983,21046.2774,1024,0.0210462774
0.8591999999999983,20467.6965,1024,0.020467696499999997
0.8592999999999983,21179.7014,1024,0.0211797014
0.8593999999999983,22152.8783,1024,0.0221528783
0.8594999999999983,23482.6599,1024,0.023482659899999998
0.8595999999999983,26082.1208,1024,0.0260821208
0.8596999999999982,29666.9416,1024,0.0296669416
0.8597999999999982,33309.0471,1024,0.0333090471
0.8598999999999982,34455.8642,1024,0.034455864200000005
0.8599999999999982,35384.0527,1024,0.0353840527
0.8600999999999982,36091.2734,1024,0.0360912734
0.8601999999999982,39149.1139,1024,0.0391491139
0.8602999999999982,45190.9692,1024,0.0451909692
0.8603999999999982,50794.967,1024,0.050794966999999996
0.8604999999999982,53790.9067,1024,0.0537909067
0.8605999999999981,50195.8018,1024,0.0501958018
0.8606999999999981,43248.1402,1024,0.0432481402
0.8607999999999981,39446.0773,1024,0.0394460773
0.8608999999999981,38709.1407,1024,0.038709140700000005
0.8609999999999981,34161.3792,1024,0.0341613792
0.8610999999999981,25525.2228,1024,0.0255252228
0.8611999999999981,17237.6942,1024,0.0172376942
0.8612999999999981,15060.76,1024,0.01506076
0.8613999999999981,9002.824,1024,0.009002824000000001
0.861499999999998,7789.432,1024,0.007789432
0.861599999999998,7537.1412,1024,0.0075371412
0.861699999999998,6962.1568,1024,0.0069621568
0.861799999999998,6002.431,1024,0.006002431
0.861899999999998,5110.1872,1024,0.0051101872000000005
0.861999999999998,4474.1045,1024,0.0044741045
0.862099999999998,3894.7494,1024,0.0038947494
0.862199999999998,2959.9673,1024,0.0029599672999999996
0.862299999999998,3000.5079,1024,0.0030005079000000002
0.862399999999998,2915.6937,1024,0.0029156937
0.8624999999999979,2862.6788,1024,0.0028626788000000003
0.8625999999999979,2011.8005,1024,0.0020118005
0.8626999999999979,1965.4117,1024,0.0019654117
0.8627999999999979,1822.0834,1024,0.0018220834
0.8628999999999979,1784.4422,1024,0.0017844421999999999
0.8629999999999979,1793.1976,1024,0.0017931976
0.8630999999999979,1817.3959,1024,0.0018173959
0.8631999999999979,1819.0631,1024,0.0018190631000000001
0.8632999999999978,1706.663,1024,0.001706663
0.8633999999999978,1733.1934,1024,0.0017331934000000002
0.8634999999999978,1766.7388,1024,0.0017667388000000002
0.8635999999999978,1783.1602,1024,0.0017831602
0.8636999999999978,1740.4453,1024,0.0017404453
0.8637999999999978,1765.5699,1024,0.0017655699
0.8638999999999978,1720.5522,1024,0.0017205522
0.8639999999999978,1696.8531,1024,0.0016968531
0.8640999999999978,1558.6134,1024,0.0015586134
0.8641999999999977,1445.1795,1024,0.0014451795
0.8642999999999977,1488.5011,1024,0.0014885011
0.8643999999999977,1487.7956,1024,0.0014877955999999999
0.8644999999999977,1459.3257,1024,0.0014593257
0.8645999999999977,1413.8635,1024,0.0014138635
0.8646999999999977,1338.5397,1024,0.0013385397
0.8647999999999977,1248.7315,1024,0.0012487315
0.8648999999999977,1226.7711,1024,0.0012267711
0.8649999999999977,1171.7032,1024,0.0011717032
0.8650999999999976,1141.8158,1024,0.0011418158
0.8651999999999976,1118.9457,1024,0.0011189457
0.8652999999999976,1011.1578,1024,0.0010111578
0.8653999999999976,844.0608,1024,0.0008440607999999999
0.8654999999999976,765.1363,1024,0.0007651363
0.8655999999999976,718.1129,1024,0.0007181129
0.8656999999999976,685.9047,1024,0.0006859047
0.8657999999999976,707.3557,1024,0.0007073556999999999
0.8658999999999976,656.6717,1024,0.0006566717
0.8659999999999975,589.2187,1024,0.0005892187
0.8660999999999975,519.6988,1024,0.0005196988
0.8661999999999975,481.4955,1024,0.0004814955
0.8662999999999975,469.0809,1024,0.0004690809
0.8663999999999975,481.3705,1024,0.0004813705
0.8664999999999975,446.6957,1024,0.0004466957
0.8665999999999975,404.0685,1024,0.00040406849999999995
0.8666999999999975,350.4562,1024,0.00035045620000000003
0.8667999999999975,289.2854,1024,0.0002892854
0.8668999999999975,281.107,1024,0.000281107
0.8669999999999974,280.4484,1024,0.0002804484
0.8670999999999974,292.1372,1024,0.0002921372
0.8671999999999974,279.7896,1024,0.0002797896
0.8672999999999974,261.7939,1024,0.0002617939
0.8673999999999974,244.9144,1024,0.0002449144
0.8674999999999974,245.3774,1024,0.0002453774
0.8675999999999974,241.0771,1024,0.0002410771
0.8676999999999974,242.6351,1024,0.0002426351
0.8677999999999974,244.9731,1024,0.0002449731
0.8678999999999973,230.0298,1024,0.0002300298
0.8679999999999973,242.8168,1024,0.0002428168
0.8680999999999973,239.061,1024,0.000239061
0.8681999999999973,240.1907,1024,0.00024019069999999998
0.8682999999999973,241.8389,1024,0.0002418389
0.8683999999999973,235.6631,1024,0.00023566309999999998
0.8684999999999973,234.7144,1024,0.00023471440000000002
0.8685999999999973,234.6364,1024,0.0002346364
0.8686999999999973,249.2928,1024,0.0002492928
0.8687999999999972,250.982,1024,0.000250982
0.8688999999999972,257.1375,1024,0.0002571375
0.8689999999999972,241.0496,1024,0.0002410496
0.8690999999999972,247.83626599634368,1024,0.0002478362659963437
0.8691999999999972,235.71031472547668,1024,0.00023571031472547667
0.8692999999999972,232.0753311258278,1024,0.0002320753311258278
0.8693999999999972,226.13376027066212,1024,0.00022613376027066212
0.8694999999999972,227.5033170609588,1024,0.0002275033170609588
0.8695999999999972,216.44328971003333,1024,0.00021644328971003334
0.8696999999999971,211.17346676930973,1024,0.00021117346676930972
0.8697999999999971,197.80842214712763,1024,0.00019780842214712764
0.8698999999999971,199.8114110919005,1024,0.0001998114110919005
0.8699999999999971,193.34135901551636,1024,0.00019334135901551635
0.8700999999999971,190.61780821917807,1024,0.00019061780821917807
0.8701999999999971,184.1435991016283,1024,0.0001841435991016283
0.8702999999999971,168.71993200169996,1024,0.00016871993200169997
0.8703999999999971,160.95141226401287,1024,0.00016095141226401288
0.870499999999997,166.48605402231357,1024,0.00016648605402231356
0.870599999999997,157.1339572974554,1024,0.0001571339572974554
0.870699999999997,161.9820581257414,1024,0.00016198205812574138
0.870799999999997,150.8502318392581,1024,0.0001508502318392581
0.870899999999997,124.78290625497374,1024,0.00012478290625497375
0.870999999999997,113.72888813674057,1024,0.00011372888813674056
0.871099999999997,114.82530015660345,1024,0.00011482530015660344
0.871199999999997,110.41030534351144,1024,0.00011041030534351144
0.871299999999997,103.35542879622344,1024,0.00010335542879622344
0.871399999999997,84.4982911825017,1024,8.44982911825017e-05
0.8714999999999969,84.09671931956258,1024,8.409671931956258e-05
0.8715999999999969,85.4740466101695,1024,8.547404661016949e-05
0.8716999999999969,77.71714192068174,1024,7.771714192068174e-05
0.8717999999999969,87.60112359550561,1024,8.76011235955056e-05
0.8719,78.14580317520587,1024,7.814580317520587e-05
0.872,80.28375356803045,1024,8.028375356803045e-05
0.8721,86.80040917308973,1024,8.680040917308973e-05
0.8722,102.71081215981746,1024,0.00010271081215981746
0.8723,103.538532807526,1024,0.000103538532807526
0.8724,102.6870459317902,1024,0.00010268704593179019
0.8724999999999999,101.73527829404284,1024,0.00010173527829404284
0.8725999999999999,102.72152246027984,1024,0.00010272152246027984
0.8726999999999999,100.998025,1024,0.00010099802499999999
0.8727999999999999,101.71445,1024,0.00010171445
0.8728999999999999,100.927675,1024,0.00010092767499999999
0.8729999999999999,100.607575,1024,0.000100607575
0.8730999999999999,100.82135,1024,0.00010082135
0.8731999999999999,98.724925,1024,9.8724925e-05
0.8732999999999999,100.85755,1024,0.00010085755
0.8733999999999998,98.599925,1024,9.8599925e-05
0.8734999999999998,107.38095,1024,0.00010738095
0.8735999999999998,103.00225,1024,0.00010300225
0.8736999999999998,100.750975,1024,0.000100750975
0.8737999999999998,101.049675,1024,0.00010104967499999999
0.8738999999999998,101.0807,1024,0.0001010807
0.8739999999999998,99.952375,1024,9.9952375e-05
0.8740999999999998,95.530275,1024,9.5530275e-05
0.8741999999999998,91.71705,1024,9.171705e-05
0.8742999999999997,92.17945,1024,9.217945e-05
0.8743999999999997,89.702725,1024,8.9702725e-05
0.8744999999999997,87.08155,1024,8.708154999999999e-05
0.8745999999999997,81.08195,1024,8.108195e-05
0.8746999999999997,80.13995,1024,8.013995e-05
0.8747999999999997,80.376225,1024,8.0376225e-05
0.8748999999999997,78.672725,1024,7.8672725e-05
0.8749999999999997,49.47905,1024,4.947905e-05
0.8750999999999997,12.62765,1024,1.262765e-05
0.8751999999999996,10.60075,1024,1.060075e-05
0.8752999999999996,18.0710944808232,1024,1.80710944808232e-05
0.8753999999999996,16.01046197249324,1024,1.601046197249324e-05
0.8754999999999996,10.75260818020154,1024,1.075260818020154e-05
0.8755999999999996,13.037320832957722,1024,1.3037320832957722e-05
0.8756999999999996,13.748793003977774,1024,1.3748793003977774e-05
0.8757999999999996,12.536758435863078,1024,1.2536758435863078e-05
0.8758999999999996,17.67513711151737,1024,1.767513711151737e-05
0.8759999999999996,15.3504946249732,1024,1.53504946249732e-05
0.8760999999999995,18.341586892488955,1024,1.8341586892488956e-05
0.8761999999999995,14.850619860071191,1024,1.4850619860071192e-05
0.8762999999999995,17.512944934123645,1024,1.7512944934123645e-05
0.8763999999999995,11.773389476272436,1024,1.1773389476272436e-05
0.8764999999999995,18.256033449134566,1024,1.8256033449134568e-05
0.8765999999999995,9.116057135820713,1024,9.116057135820713e-06
0.8766999999999995,10.0351970725959,1024,1.00351970725959e-05
0.8767999999999995,13.033826769698662,1024,1.3033826769698661e-05
0.8768999999999995,12.259329400807204,1024,1.2259329400807204e-05
0.9,9.0,1024,9e-06
0.95,9.0,1024,9e-06
1.0,9.0,1024,9e-06
