lambda,max_cluster_size,second_max_cluster_size,third_max_cluster_size,fourth_max_cluster_size,fifth_max_cluster_size,largest_1_dimension,largest_1_dimension_std,largest_2_dimension,largest_2_dimension_std,largest_3_dimension,largest_3_dimension_std,largest_4_dimension,largest_4_dimension_std,largest_5_dimension,largest_5_dimension_std
0.5,94.4887,80.6453,74.3287,70.2052,67.1628,1.1285638139544572,0.020619404008576973,1.0840070945974947,0.01420334802412258,1.064278453755134,0.012374346169468007,1.0464178642970097,0.0097247147113321,1.032169537497727,0.009193049528692853
0.55,67.5716,57.8597,53.3284,50.389,48.2129,1.0380108693754735,0.011625939149373052,1.0056765033047494,0.008723617759348514,0.9857866792195965,0.009360257447531266,0.9769212008480013,0.008520165421466006,0.9699298309939877,0.008777834958025397
0.6000000000000001,55.6618,48.0332,44.4819,42.0832,40.2098,1.012630319586384,0.010879678634499682,0.9816165333771208,0.008442929290594335,0.9599529767918631,0.00919019096536518,0.9544855238661755,0.008183208771000051,0.9508503494953159,0.007983239749682609
0.6500000000000001,35.8898,31.7759,29.5668,27.9688,26.6762,,,,,,,,,,
0.7000000000000002,15.2153,13.2529,12.0454,11.0006,9.9914,,,,,,,,,,
0.7500000000000002,29.4671,24.0398,21.2323,19.249,17.6632,,,,,,,,,,
0.8,90.0724,76.3352,69.5114,65.0314,61.6281,1.300403314865262,0.03237055733102125,1.280848829113684,0.03447762199691384,1.259505650231127,0.034463216480992216,1.254660025518937,0.03392535088334583,1.2474714394919368,0.03473291792226015
0.8000000000000003,89.2954,75.9455,69.1803,64.7513,61.3597,,,,,,,,,,
0.8001,90.1161,76.5227,69.7208,65.286,61.8779,,,,,,,,,,
0.8002,89.144,75.9506,69.3436,64.914,61.5439,,,,,,,,,,
0.8003,90.1463,76.8696,70.0268,65.5897,62.1254,,,,,,,,,,
0.8004,90.421,77.0521,70.4186,65.9242,62.4466,,,,,,,,,,
0.8005,90.6996,77.388,70.6136,66.1663,62.7049,,,,,,,,,,
0.8006,90.4742,77.4389,70.7544,66.2322,62.8375,,,,,,,,,,
0.8007,92.0256,78.2498,71.3577,66.7583,63.2404,,,,,,,,,,
0.8008,91.6437,78.2409,71.3023,66.7388,63.2566,,,,,,,,,,
0.8009,91.3683,78.1045,71.3054,66.7656,63.2639,,,,,,,,,,
0.8009999999999999,92.1482,78.6164,71.7764,67.1656,63.7098,,,,,,,,,,
0.8010999999999999,92.2445,79.1928,72.3988,67.7621,64.282,,,,,,,,,,
0.8011999999999999,92.592,78.9837,72.2801,67.7048,64.2259,,,,,,,,,,
0.8012999999999999,94.4292,79.8407,72.8137,68.1742,64.6078,,,,,,,,,,
0.8013999999999999,93.6161,79.5902,72.7261,68.015,64.4842,,,,,,,,,,
0.8014999999999999,93.3917,79.8223,73.0813,68.5262,65.0061,,,,,,,,,,
0.8015999999999999,94.2782,80.3992,73.4704,68.6804,65.0787,,,,,,,,,,
0.8016999999999999,94.5057,80.4357,73.5606,68.9367,65.4443,,,,,,,,,,
0.8017999999999998,95.312,80.7971,73.6473,68.8775,65.3138,,,,,,,,,,
0.8018999999999998,93.5645,79.8505,72.9762,68.3402,64.8869,,,,,,,,,,
0.8019999999999998,93.5996,80.6369,73.7609,69.0831,65.4695,,,,,,,,,,
0.8020999999999998,95.6828,81.5501,74.3945,69.5377,65.9415,,,,,,,,,,
0.8021999999999998,96.3228,82.0093,74.6418,69.8418,66.2447,,,,,,,,,,
0.8022999999999998,95.0423,81.174,74.163,69.4797,65.8054,,,,,,,,,,
0.8023999999999998,95.393,81.4552,74.3588,69.6848,66.0782,,,,,,,,,,
0.8024999999999998,95.8795,81.9095,74.8358,70.1492,66.5499,,,,,,,,,,
0.8025999999999998,96.3459,82.2199,75.1125,70.2176,66.5378,,,,,,,,,,
0.8026999999999997,95.8746,81.7146,74.7885,70.1047,66.4833,,,,,,,,,,
0.8027999999999997,97.0004,82.3972,75.2457,70.415,66.8087,,,,,,,,,,
0.8028999999999997,97.7277,82.9357,75.7128,70.8418,67.1557,,,,,,,,,,
0.8029999999999997,95.7943,81.9172,74.9723,70.2637,66.6306,,,,,,,,,,
0.8030999999999997,97.2971,83.0462,75.6747,70.8842,67.277,,,,,,,,,,
0.8031999999999997,96.3421,82.5662,75.7059,70.887,67.2566,,,,,,,,,,
0.8032999999999997,97.3598,83.2026,76.0406,71.1445,67.4719,,,,,,,,,,
0.8033999999999997,97.9813,83.0585,76.0545,71.3215,67.6998,,,,,,,,,,
0.8034999999999997,97.8432,83.6751,76.4655,71.6939,68.0689,,,,,,,,,,
0.8035999999999996,98.7916,84.1816,76.8263,72.0342,68.3693,,,,,,,,,,
0.8036999999999996,99.8073,84.9051,77.4079,72.4388,68.6727,,,,,,,,,,
0.8037999999999996,98.7351,84.2911,77.2626,72.42,68.74,,,,,,,,,,
0.8038999999999996,100.1437,85.0654,77.5872,72.6685,68.924,,,,,,,,,,
0.8039999999999996,100.8638,85.491,77.9953,72.9825,69.1871,,,,,,,,,,
0.8040999999999996,99.2792,85.4616,78.0839,73.2023,69.4925,,,,,,,,,,
0.8041999999999996,100.4802,85.7946,78.4039,73.5546,69.873,,,,,,,,,,
0.8042999999999996,100.3594,86.092,78.5504,73.5795,69.7997,,,,,,,,,,
0.8043999999999996,101.1114,86.165,78.6821,73.7228,69.9638,,,,,,,,,,
0.8044999999999995,102.3647,87.0365,79.44,74.3794,70.5739,,,,,,,,,,
0.8045999999999995,100.4835,85.7442,78.5111,73.628,69.9486,,,,,,,,,,
0.8046999999999995,101.3606,86.7079,79.3709,74.4451,70.6841,,,,,,,,,,
0.8047999999999995,101.6143,86.9405,79.6474,74.847,71.1155,,,,,,,,,,
0.8048999999999995,102.4886,87.5266,80.172,75.1165,71.2751,,,,,,,,,,
0.8049999999999995,102.8386,87.7724,80.1544,75.1795,71.3277,,,,,,,,,,
0.8050999999999995,102.571,87.2906,79.8326,74.9512,71.2107,,,,,,,,,,
0.8051999999999995,104.2352,88.3672,80.8347,75.6353,71.7304,,,,,,,,,,
0.8052999999999995,104.1194,87.9712,80.3428,75.298,71.4693,,,,,,,,,,
0.8053999999999994,103.011,88.3238,80.8769,75.769,71.9198,,,,,,,,,,
0.8054999999999994,104.0654,88.7007,81.2333,76.2034,72.3759,,,,,,,,,,
0.8055999999999994,104.6293,88.9062,81.0832,75.9402,72.1305,,,,,,,,,,
0.8056999999999994,103.8685,88.9599,81.5037,76.4322,72.5348,,,,,,,,,,
0.8057999999999994,105.1871,89.5966,82.0777,76.9301,73.0187,,,,,,,,,,
0.8058999999999994,106.5702,90.8953,83.1384,77.8593,73.8693,,,,,,,,,,
0.8059999999999994,106.9628,91.5106,83.714,78.422,74.45,,,,,,,,,,
0.8060999999999994,106.2699,90.9938,83.3195,78.2012,74.2586,,,,,,,,,,
0.8061999999999994,106.9867,91.7401,83.9567,78.788,74.8206,,,,,,,,,,
0.8062999999999994,107.0618,92.0094,84.1379,78.995,75.0927,,,,,,,,,,
0.8063999999999993,108.6714,93.468,85.6185,80.2871,76.0824,,,,,,,,,,
0.8064999999999993,108.944,93.6133,85.7465,80.4216,76.3557,,,,,,,,,,
0.8065999999999993,110.3402,94.2592,86.3836,81.021,76.9335,,,,,,,,,,
0.8066999999999993,108.9327,93.4193,85.7005,80.5858,76.602,,,,,,,,,,
0.8067999999999993,111.4117,95.1927,87.2645,81.884,77.772,,,,,,,,,,
0.8068999999999993,112.507,95.7192,87.3197,81.8849,77.8133,,,,,,,,,,
0.8069999999999993,112.8164,96.1812,88.2923,82.8646,78.6968,,,,,,,,,,
0.8070999999999993,113.7422,97.0001,88.5724,83.0766,79.0007,,,,,,,,,,
0.8071999999999993,114.4774,97.8836,89.608,84.0106,79.8196,,,,,,,,,,
0.8072999999999992,114.818,98.017,89.7305,84.1195,79.8843,,,,,,,,,,
0.8073999999999992,115.61,98.4973,89.9358,84.3707,80.1113,,,,,,,,,,
0.8074999999999992,114.8491,98.072,89.5792,84.0552,79.8116,,,,,,,,,,
0.8075999999999992,114.604,98.1624,89.9091,84.4471,80.299,,,,,,,,,,
0.8076999999999992,115.3813,98.5049,90.1572,84.6069,80.3996,,,,,,,,,,
0.8077999999999992,115.4766,99.0034,90.9693,85.327,81.0913,,,,,,,,,,
0.8078999999999992,116.2168,99.4806,91.0136,85.2897,81.1175,,,,,,,,,,
0.8079999999999992,117.33,101.0079,92.4253,86.6554,82.2134,,,,,,,,,,
0.8080999999999992,118.1999,100.9682,92.413,86.7562,82.449,,,,,,,,,,
0.8081999999999991,118.8484,101.9891,93.0818,87.3572,82.9962,,,,,,,,,,
0.8082999999999991,117.9285,101.3528,92.5857,86.9084,82.5433,,,,,,,,,,
0.8083999999999991,119.2787,101.9516,93.5458,87.6613,83.3427,,,,,,,,,,
0.8084999999999991,121.1446,103.4789,94.8084,88.9287,84.52,,,,,,,,,,
0.8085999999999991,121.946,104.3537,95.2855,89.3161,84.8537,,,,,,,,,,
0.8086999999999991,123.0538,105.0817,96.1323,90.2532,85.8355,,,,,,,,,,
0.8087999999999991,124.282,105.7463,96.7732,91.0024,86.5557,,,,,,,,,,
0.8088999999999991,126.1819,107.657,98.2837,92.0618,87.4353,,,,,,,,,,
0.808999999999999,126.2998,108.3741,99.0858,93.1099,88.5592,,,,,,,,,,
0.809099999999999,126.7643,108.8755,99.8802,93.8806,89.2339,,,,,,,,,,
0.809199999999999,128.3009,110.4299,101.3086,95.0709,90.4876,,,,,,,,,,
0.809299999999999,130.2438,111.106,101.8254,95.6196,90.9009,,,,,,,,,,
0.809399999999999,130.661,111.7778,102.6681,96.5035,91.8434,,,,,,,,,,
0.809499999999999,132.3505,113.4456,104.1245,97.8411,92.9221,,,,,,,,,,
0.809599999999999,134.8247,114.9847,105.3932,98.8447,94.0294,,,,,,,,,,
0.809699999999999,136.3441,116.1317,106.2921,99.7475,94.8255,,,,,,,,,,
0.809799999999999,135.0346,116.066,106.5645,100.0199,95.0784,,,,,,,,,,
0.809899999999999,138.2265,118.163,108.0509,101.4094,96.3856,,,,,,,,,,
0.8099999999999989,138.342,118.461,108.4126,101.6085,96.5549,,,,,,,,,,
0.8100999999999989,138.4676,118.9914,109.0044,102.2751,97.2775,,,,,,,,,,
0.8101999999999989,140.3097,119.7997,109.8747,103.0819,97.9909,,,,,,,,,,
0.8102999999999989,139.6135,119.5152,109.6508,102.8456,97.7276,,,,,,,,,,
0.8103999999999989,139.6838,119.4368,109.6083,103.1082,98.2071,,,,,,,,,,
0.8104999999999989,141.3938,121.2527,111.2932,104.4456,99.3907,,,,,,,,,,
0.8105999999999989,140.6526,120.851,111.1153,104.594,99.653,,,,,,,,,,
0.8106999999999989,142.253,121.5855,111.5251,104.8242,99.7922,,,,,,,,,,
0.8107999999999989,142.8939,123.1186,112.8238,105.7034,100.5653,,,,,,,,,,
0.8108999999999988,144.5493,123.2086,112.8384,106.1021,101.0304,,,,,,,,,,
0.8109999999999988,144.1571,124.0868,113.9835,107.2586,102.1284,,,,,,,,,,
0.8110999999999988,148.2443,126.4213,115.8191,108.6683,103.4079,,,,,,,,,,
0.8111999999999988,149.7933,127.7533,116.9858,109.7387,104.2914,,,,,,,,,,
0.8112999999999988,148.676,127.9086,117.4351,110.2621,104.8595,,,,,,,,,,
0.8113999999999988,150.4469,129.1442,118.5099,111.3971,106.0374,,,,,,,,,,
0.8114999999999988,151.8537,130.2741,119.5403,112.4905,107.1528,,,,,,,,,,
0.8115999999999988,154.3598,132.572,121.5968,114.2562,108.7097,,,,,,,,,,
0.8116999999999988,156.7435,134.0955,122.7882,115.2606,109.736,,,,,,,,,,
0.8117999999999987,157.3593,134.7567,123.7277,116.3382,110.7132,,,,,,,,,,
0.8118999999999987,158.0575,134.9906,123.7018,116.3525,110.826,,,,,,,,,,
0.8119999999999987,160.2321,137.6576,126.2283,118.8852,113.1279,,,,,,,,,,
0.8120999999999987,162.7528,139.5847,127.9385,120.1454,114.3632,,,,,,,,,,
0.8121999999999987,161.3677,139.2179,127.7238,120.0259,114.289,,,,,,,,,,
0.8122999999999987,163.9422,140.5023,128.912,121.1051,115.2582,,,,,,,,,,
0.8123999999999987,166.2872,141.9907,130.2826,122.4837,116.6168,,,,,,,,,,
0.8124999999999987,166.6007,143.0206,131.3632,123.7105,117.8187,,,,,,,,,,
0.8125999999999987,168.4103,144.807,132.8708,124.8668,118.9303,,,,,,,,,,
0.8126999999999986,170.2834,145.1472,132.9694,125.019,118.9623,,,,,,,,,,
0.8127999999999986,170.2844,145.7772,133.6073,125.6415,119.631,,,,,,,,,,
0.8128999999999986,170.8925,146.457,134.6573,126.5,120.3431,,,,,,,,,,
0.8129999999999986,171.6212,147.3246,135.5056,127.479,121.4133,,,,,,,,,,
0.8130999999999986,174.3893,148.6283,136.5905,128.2364,122.1012,,,,,,,,,,
0.8131999999999986,173.5484,148.871,136.5746,128.3788,122.1702,,,,,,,,,,
0.8132999999999986,175.0178,150.2669,137.991,129.7168,123.533,,,,,,,,,,
0.8133999999999986,175.4174,150.3431,138.2767,129.8693,123.6456,,,,,,,,,,
0.8134999999999986,178.1546,152.1051,139.3398,131.2255,124.9698,,,,,,,,,,
0.8135999999999985,177.5344,152.5591,139.8415,131.411,125.0994,,,,,,,,,,
0.8136999999999985,178.8818,153.8911,141.3105,132.6919,126.4601,,,,,,,,,,
0.8137999999999985,182.1271,155.8904,143.1841,134.5757,128.0544,,,,,,,,,,
0.8138999999999985,181.4841,155.9898,143.226,134.7016,128.3256,,,,,,,,,,
0.8139999999999985,183.8863,158.8227,145.5221,136.6815,129.9547,,,,,,,,,,
0.8140999999999985,184.6594,159.0566,146.2213,137.444,130.7886,,,,,,,,,,
0.8141999999999985,187.8896,161.4788,148.214,139.4923,132.7786,,,,,,,,,,
0.8142999999999985,191.4274,164.2934,150.3905,141.0792,134.1755,,,,,,,,,,
0.8143999999999985,190.7899,163.4822,150.1895,140.9768,134.3299,,,,,,,,,,
0.8144999999999984,192.417,164.4234,151.0287,142.221,135.5277,,,,,,,,,,
0.8145999999999984,189.8068,164.8382,151.683,142.8773,136.1433,,,,,,,,,,
0.8146999999999984,196.2026,167.6987,153.6077,144.3138,137.4998,,,,,,,,,,
0.8147999999999984,195.1342,168.1858,154.7068,145.5178,138.7757,,,,,,,,,,
0.8148999999999984,196.6306,169.0049,155.058,145.9435,138.8878,,,,,,,,,,
0.8149999999999984,199.7441,170.0759,156.0044,146.591,139.6347,,,,,,,,,,
0.8150999999999984,198.2002,170.8242,157.1192,147.5601,140.5325,,,,,,,,,,
0.8151999999999984,201.7655,174.1844,159.9227,150.5573,143.3561,,,,,,,,,,
0.8152999999999984,201.9532,173.0742,159.1451,149.9249,142.9916,,,,,,,,,,
0.8153999999999983,204.0293,175.0797,160.7134,151.1473,143.8261,,,,,,,,,,
0.8154999999999983,202.0777,173.8123,160.1624,150.7002,143.7132,,,,,,,,,,
0.8155999999999983,204.8471,175.4118,160.8406,151.179,144.1174,,,,,,,,,,
0.8156999999999983,206.3457,176.7198,161.7975,152.0405,144.8536,,,,,,,,,,
0.8157999999999983,207.632,176.739,162.172,152.3881,145.1153,,,,,,,,,,
0.8158999999999983,207.7628,178.906,163.8083,153.9832,146.8496,,,,,,,,,,
0.8159999999999983,210.2632,179.5376,164.8543,155.1183,147.8397,,,,,,,,,,
0.8160999999999983,211.2553,180.4168,165.4768,155.3781,147.8877,,,,,,,,,,
0.8161999999999983,208.0158,179.9026,165.3591,155.6768,148.3221,,,,,,,,,,
0.8162999999999982,211.1225,181.8287,167.2761,157.4106,150.0934,,,,,,,,,,
0.8163999999999982,211.5126,182.8522,168.0788,158.1559,150.7173,,,,,,,,,,
0.8164999999999982,216.4228,186.2715,171.0066,160.8686,153.1754,,,,,,,,,,
0.8165999999999982,215.5424,185.9099,170.9494,160.9837,153.1883,,,,,,,,,,
0.8166999999999982,217.8477,187.1681,171.9958,161.684,154.0781,,,,,,,,,,
0.8167999999999982,220.1344,189.1416,173.76,163.511,155.8243,,,,,,,,,,
0.8168999999999982,222.1728,190.8052,175.1728,164.6728,156.9317,,,,,,,,,,
0.8169999999999982,221.6009,190.4767,174.7847,164.6215,156.7334,,,,,,,,,,
0.8170999999999982,223.6044,193.2508,177.8646,167.3199,159.3719,,,,,,,,,,
0.8171999999999982,228.8032,196.3807,179.9573,169.3507,161.2867,,,,,,,,,,
0.8172999999999981,228.752,195.585,179.7789,169.2079,161.3313,,,,,,,,,,
0.8173999999999981,227.2945,195.1436,179.4727,168.9681,161.1601,,,,,,,,,,
0.8174999999999981,227.6606,196.1854,179.6402,169.0223,161.1072,,,,,,,,,,
0.8175999999999981,230.3227,196.5105,180.2478,169.3089,161.195,,,,,,,,,,
0.8176999999999981,229.9102,198.0016,181.74,170.7586,162.6239,,,,,,,,,,
0.8177999999999981,228.4797,196.1507,179.974,169.3442,161.452,,,,,,,,,,
0.8178999999999981,231.5365,198.5538,182.3902,171.3965,163.3747,,,,,,,,,,
0.8179999999999981,233.7716,200.4555,183.6991,172.8502,164.5767,,,,,,,,,,
0.818099999999998,232.2417,199.5187,183.398,172.7333,164.459,,,,,,,,,,
0.818199999999998,233.1227,200.1718,183.588,172.5092,164.4405,,,,,,,,,,
0.818299999999998,235.7926,201.9559,185.3712,174.3517,166.1524,,,,,,,,,,
0.818399999999998,238.9112,204.7926,187.7713,176.4886,167.9257,,,,,,,,,,
0.818499999999998,242.7266,207.1953,189.6013,178.1985,169.629,,,,,,,,,,
0.818599999999998,244.4913,207.3249,190.04,178.6952,170.1787,,,,,,,,,,
0.818699999999998,240.5833,207.8047,191.359,180.2233,171.7978,,,,,,,,,,
0.818799999999998,247.8926,211.8471,194.2106,182.5378,173.9109,,,,,,,,,,
0.818899999999998,248.6311,215.0329,197.6664,185.8588,177.2797,,,,,,,,,,
0.818999999999998,252.3866,216.5024,198.4462,186.8087,177.8062,,,,,,,,,,
0.8190999999999979,254.594,218.1492,200.1365,188.3767,179.3787,,,,,,,,,,
0.8191999999999979,258.1161,220.3261,202.3266,190.2824,181.2115,,,,,,,,,,
0.8192999999999979,255.4497,220.8518,202.246,190.4002,181.4298,,,,,,,,,,
0.8193999999999979,258.5591,221.5787,203.7331,191.535,182.452,,,,,,,,,,
0.8194999999999979,261.6073,224.9088,206.9509,195.0016,185.8502,,,,,,,,,,
0.8195999999999979,265.0078,226.3541,207.6378,195.3302,186.0276,,,,,,,,,,
0.8196999999999979,261.7231,225.7084,207.5303,195.2994,186.197,,,,,,,,,,
0.8197999999999979,266.3676,227.7811,208.9135,196.7343,187.4363,,,,,,,,,,
0.8198999999999979,266.3969,227.8686,209.6335,197.1758,187.8337,,,,,,,,,,
0.8199999999999978,267.2645,230.4105,211.2613,198.814,189.4678,,,,,,,,,,
0.8200999999999978,266.8426,229.2623,210.9558,198.711,189.4808,,,,,,,,,,
0.8201999999999978,271.1341,231.3985,212.8234,200.3412,190.8794,,,,,,,,,,
0.8202999999999978,272.6337,234.3691,215.3516,202.6361,192.9471,,,,,,,,,,
0.8203999999999978,282.7412,240.7393,220.3502,207.1647,197.2377,,,,,,,,,,
0.8204999999999978,280.7297,240.3562,220.6242,207.7773,198.2356,,,,,,,,,,
0.8205999999999978,283.0185,243.8765,223.5132,210.4899,200.4991,,,,,,,,,,
0.8206999999999978,289.9274,249.7356,229.715,216.214,205.7596,,,,,,,,,,
0.8207999999999978,298.7007,256.6367,235.4667,221.4814,210.9158,,,,,,,,,,
0.8208999999999977,298.9758,257.1499,236.0081,221.9308,211.4546,,,,,,,,,,
0.8209999999999977,305.3147,262.0703,240.4376,226.1281,215.403,,,,,,,,,,
0.8210999999999977,306.8,265.0539,244.4293,230.6995,219.8169,,,,,,,,,,
0.8211999999999977,318.9298,271.8935,249.7645,234.5917,223.5469,,,,,,,,,,
0.8212999999999977,320.5993,275.057,251.8856,236.9372,225.6677,,,,,,,,,,
0.8213999999999977,323.6879,277.5531,254.3085,239.1861,228.0928,,,,,,,,,,
0.8214999999999977,331.4178,284.0607,260.6176,245.1484,233.5843,,,,,,,,,,
0.8215999999999977,329.3151,283.2599,260.2563,244.9358,233.5737,,,,,,,,,,
0.8216999999999977,335.1454,287.5201,264.0621,248.1143,236.3053,,,,,,,,,,
0.8217999999999976,338.6221,291.2791,267.1378,251.0078,239.0927,,,,,,,,,,
0.8218999999999976,341.274,293.8187,269.2034,253.1046,241.0069,,,,,,,,,,
0.8219999999999976,346.0264,295.9687,271.6654,255.3353,243.1885,,,,,,,,,,
0.8220999999999976,345.3691,295.633,271.5945,255.3431,242.9467,,,,,,,,,,
0.8221999999999976,350.6636,301.1044,276.4302,259.9199,247.7176,,,,,,,,,,
0.8222999999999976,357.97,305.1035,280.1484,263.6624,251.4955,,,,,,,,,,
0.8223999999999976,354.8424,306.5941,281.4495,264.8471,252.3984,,,,,,,,,,
0.8224999999999976,369.6105,315.9698,290.0648,272.583,259.2778,,,,,,,,,,
0.8225999999999976,376.366,322.8145,296.3146,278.7555,265.7467,,,,,,,,,,
0.8226999999999975,388.1878,329.7848,302.0239,283.7991,270.4033,,,,,,,,,,
0.8227999999999975,388.3037,332.1477,304.8345,286.9702,273.4337,,,,,,,,,,
0.8228999999999975,400.4737,342.3549,312.9063,293.8868,279.6642,,,,,,,,,,
0.8229999999999975,408.1269,347.9421,318.5239,299.4466,285.2797,,,,,,,,,,
0.8230999999999975,412.9487,354.3888,324.5722,304.7021,290.3207,,,,,,,,,,
0.8231999999999975,421.6926,359.6945,329.7095,309.5972,294.6422,,,,,,,,,,
0.8232999999999975,416.8731,356.2754,326.9288,307.9143,293.3357,,,,,,,,,,
0.8233999999999975,422.8216,362.6289,331.519,311.4219,296.4567,,,,,,,,,,
0.8234999999999975,431.2167,366.8052,336.4318,315.9971,300.6336,,,,,,,,,,
0.8235999999999974,443.8986,377.4819,344.8457,323.5542,308.0397,,,,,,,,,,
0.8236999999999974,451.8253,386.3585,352.5433,330.5401,314.7868,,,,,,,,,,
0.8237999999999974,443.894,380.7836,349.8427,328.8864,313.3938,,,,,,,,,,
0.8238999999999974,453.2388,389.67,356.6568,334.902,318.8969,,,,,,,,,,
0.8239999999999974,456.8626,389.7024,357.239,335.4556,319.5518,,,,,,,,,,
0.8240999999999974,464.7574,395.0019,361.575,339.6414,323.463,,,,,,,,,,
0.8241999999999974,460.2544,394.319,361.8285,340.4194,324.2056,,,,,,,,,,
0.8242999999999974,480.1086,410.0728,375.1198,352.0739,334.5819,,,,,,,,,,
0.8243999999999974,484.828,413.1895,378.1726,355.3738,338.0629,,,,,,,,,,
0.8244999999999973,482.5091,414.7928,380.9659,358.0839,340.9027,,,,,,,,,,
0.8245999999999973,500.6633,422.8697,386.4283,363.5159,346.3007,,,,,,,,,,
0.8246999999999973,503.2425,430.1156,393.7975,369.4824,351.8369,,,,,,,,,,
0.8247999999999973,507.047,433.7795,395.7726,371.2802,353.583,,,,,,,,,,
0.8248999999999973,499.7363,428.0717,392.2033,368.3692,350.2846,,,,,,,,,,
0.8249999999999973,487.8409,417.8306,383.1238,359.9374,342.4436,,,,,,,,,,
0.8250999999999973,496.7519,423.0721,388.2576,364.4591,346.7398,,,,,,,,,,
0.8251999999999973,512.7803,438.2086,400.4512,375.9645,357.6604,,,,,,,,,,
0.8252999999999973,555.3442,470.6374,430.4978,404.1063,384.5045,,,,,,,,,,
0.8253999999999972,536.9254,463.0896,424.274,398.1025,378.9178,,,,,,,,,,
0.8254999999999972,543.9564,465.6868,427.3406,401.8417,382.3257,,,,,,,,,,
0.8255999999999972,555.3816,473.2143,431.5443,404.9999,384.6467,,,,,,,,,,
0.8256999999999972,558.5058,475.8692,434.7206,407.7176,387.7458,,,,,,,,,,
0.8257999999999972,552.8425,476.7296,437.7078,411.0108,390.8834,,,,,,,,,,
0.8258999999999972,564.8973,482.1545,442.5401,415.6174,395.6999,,,,,,,,,,
0.8259999999999972,577.0788,491.3697,448.3452,420.4417,399.5002,,,,,,,,,,
0.8260999999999972,576.5216,493.3739,451.7141,424.2194,403.4691,,,,,,,,,,
0.8261999999999972,595.0783,503.2968,460.4555,432.2496,411.2648,,,,,,,,,,
0.8262999999999971,600.3851,513.3541,470.3087,441.4208,419.7475,,,,,,,,,,
0.8263999999999971,610.5521,517.0479,473.0376,444.065,422.6067,,,,,,,,,,
0.8264999999999971,627.1228,536.3956,489.9668,459.1891,436.2177,,,,,,,,,,
0.8265999999999971,645.3541,546.158,499.5076,468.3919,445.5314,,,,,,,,,,
0.8266999999999971,644.6879,548.497,502.0749,471.3975,448.6254,,,,,,,,,,
0.8267999999999971,675.9674,571.4433,522.4929,489.5303,465.2878,,,,,,,,,,
0.8268999999999971,670.0244,572.2028,522.9213,490.6148,466.3606,,,,,,,,,,
0.8269999999999971,673.5307,575.3831,525.9399,493.632,469.237,,,,,,,,,,
0.8270999999999971,686.7387,584.9412,534.1836,500.4791,475.2136,,,,,,,,,,
0.827199999999997,683.9619,581.0525,532.0893,499.0896,474.165,,,,,,,,,,
0.827299999999997,683.8468,586.1864,536.6475,503.595,479.1674,,,,,,,,,,
0.827399999999997,695.0024,589.2422,538.8892,505.5246,480.4961,,,,,,,,,,
0.827499999999997,698.1779,597.1803,543.9413,509.3679,483.4742,,,,,,,,,,
0.827599999999997,700.6281,596.972,545.9911,510.7523,484.8214,,,,,,,,,,
0.827699999999997,699.6254,594.8793,544.3162,510.373,485.6058,,,,,,,,,,
0.827799999999997,698.6968,596.121,546.1836,512.8898,487.6907,,,,,,,,,,
0.827899999999997,715.6243,605.105,552.2678,516.9053,490.6837,,,,,,,,,,
0.827999999999997,704.0733,600.9266,547.2748,512.254,486.7434,,,,,,,,,,
0.828099999999997,718.6432,610.9513,558.6003,523.9421,497.5533,,,,,,,,,,
0.8281999999999969,709.8153,605.1696,552.8577,517.9324,492.6479,,,,,,,,,,
0.8282999999999969,721.4173,611.8561,559.1593,525.3093,499.3704,,,,,,,,,,
0.8283999999999969,737.9871,622.8279,568.7571,532.5947,505.3925,,,,,,,,,,
0.8284999999999969,731.6972,623.7305,570.8177,534.9732,508.6376,,,,,,,,,,
0.8285999999999969,741.9659,629.9774,574.6586,538.2403,510.8376,,,,,,,,,,
0.8286999999999969,758.5338,644.6127,589.3891,552.1583,524.2549,,,,,,,,,,
0.8287999999999969,759.5725,648.1564,592.0731,555.0425,527.3282,,,,,,,,,,
0.8288999999999969,772.6767,653.4706,597.4907,559.7356,531.5217,,,,,,,,,,
0.8289999999999969,781.8596,666.4481,608.7019,570.4122,541.2227,,,,,,,,,,
0.8290999999999968,777.0512,659.0046,601.1839,564.342,536.1946,,,,,,,,,,
0.8291999999999968,794.6496,672.1088,613.1533,573.8214,545.4914,,,,,,,,,,
0.8292999999999968,786.9018,671.583,613.4556,574.4325,545.489,,,,,,,,,,
0.8293999999999968,797.9077,675.2217,614.329,576.3702,547.2439,,,,,,,,,,
0.8294999999999968,811.2703,684.5954,624.0364,584.3875,555.1658,,,,,,,,,,
0.8295999999999968,812.7995,691.893,631.9564,590.9501,559.5334,,,,,,,,,,
0.8296999999999968,818.6591,691.3765,629.3881,590.4288,560.9746,,,,,,,,,,
0.8297999999999968,830.6897,703.9139,640.8798,598.7626,568.1368,,,,,,,,,,
0.8298999999999968,829.2079,702.5817,642.2694,602.6377,572.5606,,,,,,,,,,
0.8299999999999967,833.6545,708.6866,647.1572,605.1711,575.0882,,,,,,,,,,
0.8300999999999967,883.8389,746.2943,679.2103,635.2255,602.2104,,,,,,,,,,
0.8301999999999967,886.3315,753.0801,686.0215,641.2369,608.2741,,,,,,,,,,
0.8302999999999967,911.4085,772.6518,703.4807,657.08,623.2909,,,,,,,,,,
0.8303999999999967,935.0783,791.5442,720.7495,674.2466,639.5362,,,,,,,,,,
0.8304999999999967,944.0579,798.7303,726.971,680.1484,645.6484,,,,,,,,,,
0.8305999999999967,964.931,810.2,737.2835,689.9424,654.5216,,,,,,,,,,
0.8306999999999967,973.8805,823.5402,749.5094,699.6251,663.6813,,,,,,,,,,
0.8307999999999967,990.4605,833.9125,759.0309,708.1161,670.9452,,,,,,,,,,
0.8308999999999966,993.2881,838.3338,763.8866,714.7051,678.3873,,,,,,,,,,
0.8309999999999966,1012.3659,853.4542,776.7638,725.8355,688.0494,,,,,,,,,,
0.8310999999999966,1006.1406,853.563,775.2911,723.9513,685.8197,,,,,,,,,,
0.8311999999999966,1002.1397,847.5006,771.1226,720.5724,684.2706,,,,,,,,,,
0.8312999999999966,1035.188,873.2143,794.8958,744.4088,705.7113,,,,,,,,,,
0.8313999999999966,1037.53,880.2846,801.2257,749.3007,710.5532,,,,,,,,,,
0.8314999999999966,1072.5691,906.798,823.6182,770.3433,730.1041,,,,,,,,,,
0.8315999999999966,1105.6678,932.0584,844.6638,788.5587,746.9914,,,,,,,,,,
0.8316999999999966,1130.4491,952.4747,862.6883,805.2615,762.2742,,,,,,,,,,
0.8317999999999965,1142.0412,957.9953,871.032,813.0307,769.394,,,,,,,,,,
0.8318999999999965,1146.0252,966.8902,875.5569,816.5211,773.4518,,,,,,,,,,
0.8319999999999965,1163.4275,978.6338,890.8422,831.5124,787.5042,,,,,,,,,,
0.8320999999999965,1206.9443,1012.2975,915.7435,852.1938,805.8143,,,,,,,,,,
0.8321999999999965,1197.3255,1010.288,916.3871,854.8986,809.5253,,,,,,,,,,
0.8322999999999965,1248.2377,1049.8721,952.8326,887.3953,839.6728,,,,,,,,,,
0.8323999999999965,1250.3466,1047.6323,949.1569,884.6376,835.8416,,,,,,,,,,
0.8324999999999965,1240.4412,1046.4993,948.9482,886.2391,839.0019,,,,,,,,,,
0.8325999999999965,1261.4087,1061.5525,961.5954,896.7191,849.1181,,,,,,,,,,
0.8326999999999964,1272.7044,1062.2666,963.8863,898.8864,851.6646,,,,,,,,,,
0.8327999999999964,1281.8375,1079.7115,975.9929,909.6737,859.4925,,,,,,,,,,
0.8328999999999964,1303.5372,1094.9168,992.7985,925.6435,875.3831,,,,,,,,,,
0.8329999999999964,1287.8267,1083.6819,984.6448,917.5919,867.5508,,,,,,,,,,
0.8330999999999964,1261.6142,1067.4046,968.8519,903.9685,854.8515,,,,,,,,,,
0.8331999999999964,1257.754,1056.703,958.6619,893.7845,845.8525,,,,,,,,,,
0.8332999999999964,1150.9564,969.7791,881.1232,821.7573,777.4294,,,,,,,,,,
0.8333999999999964,618.9005,522.9266,478.5793,448.3379,424.9711,,,,,,,,,,
0.8334999999999964,622.5304,527.5571,480.9326,451.3469,429.015,,,,,,,,,,
0.8335999999999963,673.0576,572.9831,524.0548,490.6044,466.0284,,,,,,,,,,
0.8336999999999963,674.6095,571.1221,520.1413,487.036,462.8713,,,,,,,,,,
0.8337999999999963,683.139,577.8968,527.2515,493.7534,468.5946,,,,,,,,,,
0.8338999999999963,682.2848,577.442,527.2612,493.3768,468.8095,,,,,,,,,,
0.8339999999999963,681.6215,575.806,526.0512,493.3149,468.9613,,,,,,,,,,
0.8340999999999963,688.6326,585.8687,533.6642,499.3655,474.2867,,,,,,,,,,
0.8341999999999963,687.6608,586.1349,535.7889,502.2871,477.7571,,,,,,,,,,
0.8342999999999963,694.9512,592.9195,542.1431,507.7413,482.4796,,,,,,,,,,
0.8343999999999963,720.6807,609.2659,556.4769,522.0903,495.7202,,,,,,,,,,
0.8344999999999962,723.5787,616.8105,562.4034,526.7272,500.0325,,,,,,,,,,
0.8345999999999962,755.2798,639.5225,583.6627,546.5667,518.9282,,,,,,,,,,
0.8346999999999962,780.3039,660.9419,601.2993,562.5029,534.2434,,,,,,,,,,
0.8347999999999962,795.3645,678.6073,618.2821,578.7566,550.1599,,,,,,,,,,
0.8348999999999962,929.8382,789.7489,718.3117,671.502,636.7837,,,,,,,,,,
0.8349999999999962,931.3472,790.838,718.7647,672.1601,636.5282,,,,,,,,,,
0.8350999999999962,943.4727,797.3902,726.0099,679.2078,643.9833,,,,,,,,,,
0.8351999999999962,939.3898,790.6885,719.417,672.7824,639.1342,,,,,,,,,,
0.8352999999999962,942.9308,798.9372,726.6097,679.8234,644.3596,,,,,,,,,,
0.8353999999999961,936.355,793.4856,721.8282,674.6294,640.4879,,,,,,,,,,
0.8354999999999961,944.1257,801.0913,729.451,680.8012,645.4454,,,,,,,,,,
0.8355999999999961,942.3325,800.2916,729.6133,681.8698,646.5571,,,,,,,,,,
0.8356999999999961,945.688,799.4759,727.3412,680.4866,645.8395,,,,,,,,,,
0.8357999999999961,955.2943,808.2778,735.8487,688.2831,652.6203,,,,,,,,,,
0.8358999999999961,966.0622,817.4474,743.5493,693.4489,656.0192,,,,,,,,,,
0.8359999999999961,967.9937,812.1857,739.909,691.5816,655.8787,,,,,,,,,,
0.8360999999999961,971.0863,815.2515,739.9977,690.6238,654.23,,,,,,,,,,
0.8361999999999961,956.1207,810.278,738.671,690.6486,654.9154,,,,,,,,,,
0.836299999999996,959.7631,813.9133,741.9288,693.142,657.4394,,,,,,,,,,
0.836399999999996,961.8068,812.7089,740.2046,693.2091,658.0721,,,,,,,,,,
0.836499999999996,977.9986,824.6597,745.463,695.6161,659.6414,,,,,,,,,,
0.836599999999996,970.4316,821.8962,750.2623,702.2684,666.2284,,,,,,,,,,
0.836699999999996,1000.7785,843.3787,765.019,712.5784,673.6416,,,,,,,,,,
0.836799999999996,997.661,839.9519,765.0672,714.823,677.2491,,,,,,,,,,
0.836899999999996,989.3542,835.759,760.3114,710.0452,672.8467,,,,,,,,,,
0.836999999999996,1002.1432,850.7432,773.5627,723.1231,685.3925,,,,,,,,,,
0.837099999999996,1013.1019,856.254,778.5584,727.2905,689.0752,,,,,,,,,,
0.837199999999996,1012.6125,849.9181,772.8451,722.8122,685.7092,,,,,,,,,,
0.8372999999999959,1026.1373,863.675,784.4188,733.0744,695.5797,,,,,,,,,,
0.8373999999999959,1024.6924,858.699,780.6014,728.4992,689.5063,,,,,,,,,,
0.8374999999999959,1018.8755,860.6422,781.3079,730.4315,692.8742,,,,,,,,,,
0.8375999999999959,1033.4411,870.6345,790.9605,738.2435,699.339,,,,,,,,,,
0.8376999999999959,1030.7535,873.0701,793.5707,741.3487,702.2302,,,,,,,,,,
0.8377999999999959,1050.0792,884.9584,802.1902,748.5828,709.2617,,,,,,,,,,
0.8378999999999959,1064.7315,896.045,815.5725,760.9625,720.1782,,,,,,,,,,
0.8379999999999959,1068.0617,902.6602,820.3389,766.1882,725.0524,,,,,,,,,,
0.8380999999999958,1095.8867,924.0422,838.7554,783.0801,742.0102,,,,,,,,,,
0.8381999999999958,1100.6273,928.2134,843.5707,788.3305,746.7336,,,,,,,,,,
0.8382999999999958,1131.3764,951.4356,865.665,808.3488,764.746,,,,,,,,,,
0.8383999999999958,1132.2971,951.4177,866.3913,809.9681,767.2282,,,,,,,,,,
0.8384999999999958,1135.1209,955.4662,867.8401,809.0729,766.096,,,,,,,,,,
0.8385999999999958,1140.4477,963.877,875.9045,817.1412,773.3496,,,,,,,,,,
0.8386999999999958,1151.8007,969.7893,879.8712,820.2126,776.5447,,,,,,,,,,
0.8387999999999958,1141.9791,964.3278,874.3999,815.5556,772.8374,,,,,,,,,,
0.8388999999999958,1151.8527,972.0145,881.9153,825.1776,781.7619,,,,,,,,,,
0.8389999999999957,1171.8779,990.2065,899.9248,838.8271,793.0371,,,,,,,,,,
0.8390999999999957,1200.4151,1006.2999,914.9391,852.0556,806.1929,,,,,,,,,,
0.8391999999999957,1235.5857,1035.16,939.7639,877.2149,830.136,,,,,,,,,,
0.8392999999999957,1256.7877,1055.0624,957.0074,891.6191,843.5374,,,,,,,,,,
0.8393999999999957,1293.144,1090.2309,987.7557,921.2316,870.5119,,,,,,,,,,
0.8394999999999957,1303.6135,1095.8768,994.7128,926.5265,876.0817,,,,,,,,,,
0.8395999999999957,1330.3293,1115.3875,1008.1342,938.8508,888.0505,,,,,,,,,,
0.8396999999999957,1339.3622,1123.7513,1015.5249,945.9935,894.5232,,,,,,,,,,
0.8397999999999957,1345.4173,1128.1433,1022.2213,953.1274,901.2827,,,,,,,,,,
0.8398999999999957,1362.7125,1146.1605,1038.3745,965.3801,910.507,,,,,,,,,,
0.8399999999999956,1378.0039,1152.963,1043.0258,971.1633,917.6315,,,,,,,,,,
0.8400999999999956,1371.4779,1151.1593,1043.8158,973.1812,920.2263,,,,,,,,,,
0.8401999999999956,1387.9829,1166.4425,1056.7026,983.0535,930.346,,,,,,,,,,
0.8402999999999956,1442.3462,1210.8326,1095.5842,1021.51,965.4505,,,,,,,,,,
0.8403999999999956,1438.3872,1207.071,1096.8509,1021.6681,966.4863,,,,,,,,,,
0.8404999999999956,1538.8321,1284.779,1161.8887,1080.908,1021.57,,,,,,,,,,
0.8405999999999956,1591.7193,1330.9931,1199.2284,1113.8637,1050.5491,,,,,,,,,,
0.8406999999999956,1669.746,1396.2325,1258.8723,1170.34,1106.11,,,,,,,,,,
0.8407999999999956,1712.6455,1418.9495,1279.7078,1187.4129,1119.7409,,,,,,,,,,
0.8408999999999955,1683.6443,1413.7478,1277.6295,1186.8224,1118.4339,,,,,,,,,,
0.8409999999999955,1689.8343,1415.9026,1276.0919,1186.2522,1120.4133,,,,,,,,,,
0.8410999999999955,1704.9968,1424.3887,1283.5104,1192.779,1125.6143,,,,,,,,,,
0.8411999999999955,1730.443706547681,1443.722008923939,1299.3349590121406,1204.4926844453669,1135.9191657154715,,,,,,,,,,
0.8412999999999955,1759.983539549271,1463.6273751657093,1322.990830755634,1229.5539107379584,1159.734865223155,,,,,,,,,,
0.8413999999999955,1763.5051781040172,1476.7956071469216,1332.7298281552294,1237.7428018663936,1169.0571298509162,,,,,,,,,,
0.8414999999999955,1826.7392973476035,1519.9197301070265,1371.1974174034435,1276.387040483946,1204.4135644485807,,,,,,,,,,
0.8415999999999955,1900.4129341597477,1576.6755934978364,1419.477020231552,1317.6877558180329,1240.5401707402643,,,,,,,,,,
0.8416999999999955,2542.367969494757,2085.2600095328885,1864.9118207816969,1724.2317683508104,1620.7986177311725,,,,,,,,,,
0.8417999999999954,2535.916902971273,2095.1024534582666,1877.8216002958943,1736.3207989150535,1629.867340648502,,,,,,,,,,
0.8418999999999954,2521.2102773031934,2088.3218556972006,1873.9370482323563,1728.9098436062557,1625.3248784334342,,,,,,,,,,
0.8419999999999954,2531.625886524823,2086.879569012548,1875.0527823240589,1733.9454446262955,1628.9097108565193,,,,,,,,,,
0.8420999999999954,2519.5366581415174,2077.48294970162,1862.787013356067,1722.900824097755,1619.892298948565,,,,,,,,,,
0.8421999999999954,2534.377025670444,2090.3124910368565,1868.3753047468808,1724.3919403413165,1616.4498781012476,,,,,,,,,,
0.8422999999999954,2547.9017026756333,2098.687222778652,1872.793961940192,1730.6395764773215,1626.213335241093,,,,,,,,,,
0.8423999999999954,2540.0437705407826,2093.0391395279357,1872.661039737078,1732.8120705109052,1629.0440693158052,,,,,,,,,,
0.8424999999999954,2617.591383620056,2149.5687398911923,1917.9366269666225,1769.7451845316866,1658.764593442141,,,,,,,,,,
0.8425999999999954,2585.5113724276653,2129.9337768838,1908.7023054309143,1764.6062200216618,1654.71236267987,,,,,,,,,,
0.8426999999999953,2539.781477957501,2094.7508721852205,1877.1168728195369,1740.576435141135,1634.5911830003172,,,,,,,,,,
0.8427999999999953,2590.8327679782906,2127.3076662143826,1902.253392130258,1757.649762550882,1649.2920624151968,,,,,,,,,,
0.8428999999999953,2611.586364405346,2154.9758078159366,1935.8949416342407,1787.058534934867,1674.000507528337,,,,,,,,,,
0.8429999999999953,2626.408020477816,2134.191638225256,1906.598976109215,1761.7090443686006,1655.1257679180887,,,,,,,,,,
0.8430999999999953,2578.160693448908,2130.875312552092,1907.350058343057,1765.5662610435072,1657.5979329888314,,,,,,,,,,
0.8431999999999953,2588.528245787909,2124.866864882722,1903.796828543112,1761.219028741328,1650.853980839115,,,,,,,,,,
0.8432999999999953,2595.5061916555533,2138.632882453801,1909.763574014098,1757.988569251286,1650.2975804915222,,,,,,,,,,
0.8433999999999953,2579.416532474504,2135.66935050993,1911.1671139738771,1766.843979244945,1658.558239398819,,,,,,,,,,
0.8434999999999953,2576.987431693989,2130.8812386156646,1912.2945355191257,1769.229508196721,1666.0876138433516,,,,,,,,,,
0.8435999999999952,2563.3718977421163,2138.7799962679605,1916.970143683523,1771.4136965851835,1666.038999813398,,,,,,,,,,
0.8436999999999952,2602.6493035680214,2146.374737645488,1920.9185269986644,1770.007250524709,1660.5924441900402,,,,,,,,,,
0.8437999999999952,2585.61612599906,2134.9240714621533,1918.8533145275037,1774.7357780912082,1669.9811941701928,,,,,,,,,,
0.8439,2657.7246,2190.8325,1962.8922,1810.6464,1700.2842,,,,,,,,,,
0.844,2676.3222,2184.3473,1953.7556,1802.989,1690.2401,,,,,,,,,,
0.8441,2653.133,2175.4003,1945.6384,1795.6816,1687.0719,,,,,,,,,,
0.8442,2665.2933,2190.1157,1963.3488,1814.6352,1704.6075,,,,,,,,,,
0.8442999999999999,2648.7098,2183.4151,1954.6261,1804.6944,1694.3238,,,,,,,,,,
0.8443999999999999,2645.1104,2183.9376,1953.8239,1804.7945,1694.5914,,,,,,,,,,
0.8444999999999999,2699.8021,2207.3676,1971.0189,1818.5734,1706.1954,,,,,,,,,,
0.8445999999999999,2696.8773,2205.0324,1978.2145,1827.8417,1716.4275,,,,,,,,,,
0.8446999999999999,2717.4995,2237.5826,1998.1767,1846.1377,1731.8483,,,,,,,,,,
0.8447999999999999,2713.333,2240.93,2009.5973,1853.7679,1738.5339,,,,,,,,,,
0.8448999999999999,2730.8729,2247.1602,2006.772,1848.8272,1731.7068,,,,,,,,,,
0.8449999999999999,2739.594,2242.4727,2001.0767,1850.4884,1736.4859,,,,,,,,,,
0.8450999999999999,2738.0954,2240.7701,2005.1104,1852.7652,1742.1102,,,,,,,,,,
0.8451999999999998,2771.8224,2284.7806,2045.2601,1889.4045,1772.5364,,,,,,,,,,
0.8452999999999998,2778.4196,2277.5116,2042.2311,1884.1909,1769.1296,,,,,,,,,,
0.8453999999999998,2780.5441,2281.3976,2046.0029,1890.7848,1772.4069,,,,,,,,,,
0.8454999999999998,2779.1876,2288.7042,2050.6158,1896.3833,1780.7892,,,,,,,,,,
0.8455999999999998,2866.3117,2342.3793,2087.6369,1925.4378,1807.4228,,,,,,,,,,
0.8456999999999998,2847.7561,2333.2957,2086.303,1928.0624,1807.9302,,,,,,,,,,
0.8457999999999998,2839.7188,2336.4024,2099.2452,1937.0198,1814.2607,,,,,,,,,,
0.8458999999999998,2873.9648,2367.3493,2111.4111,1947.079,1829.1868,,,,,,,,,,
0.8459999999999998,2851.5487,2341.9626,2095.6353,1933.5038,1814.7094,,,,,,,,,,
0.8460999999999997,2877.0512,2350.2359,2099.9892,1938.8319,1819.9951,,,,,,,,,,
0.8461999999999997,2875.1883,2360.4311,2111.3631,1950.0959,1829.7533,,,,,,,,,,
0.8462999999999997,2920.9186,2401.6398,2150.3531,1988.7379,1866.6846,,,,,,,,,,
0.8463999999999997,2978.1415,2441.164,2178.9025,2005.2031,1877.6347,,,,,,,,,,
0.8464999999999997,3064.2473,2489.5514,2219.0761,2039.1422,1908.0048,,,,,,,,,,
0.8465999999999997,3015.6081,2465.6821,2203.9598,2032.8782,1906.6872,,,,,,,,,,
0.8466999999999997,3064.4603,2522.9703,2252.5577,2073.6476,1943.128,,,,,,,,,,
0.8467999999999997,3097.3532,2539.9138,2267.9443,2090.6745,1957.3473,,,,,,,,,,
0.8468999999999997,3045.1665,2519.2342,2254.7234,2080.4811,1948.8126,,,,,,,,,,
0.8469999999999996,3132.6483,2570.2059,2290.1258,2109.4327,1977.5271,,,,,,,,,,
0.8470999999999996,3118.5492,2544.8617,2274.2533,2096.9146,1966.8701,,,,,,,,,,
0.8471999999999996,3224.581,2640.8906,2355.5467,2168.3586,2030.4515,,,,,,,,,,
0.8472999999999996,3193.9934,2626.3603,2342.6981,2152.4995,2018.2115,,,,,,,,,,
0.8473999999999996,3176.8169,2621.4356,2340.0554,2150.816,2013.9709,,,,,,,,,,
0.8474999999999996,3255.5458,2632.34,2335.7224,2150.39,2013.6656,,,,,,,,,,
0.8475999999999996,3277.5551,2670.0263,2378.2686,2192.5694,2053.9828,,,,,,,,,,
0.8476999999999996,3311.8635,2697.639,2401.8173,2209.9829,2069.7094,,,,,,,,,,
0.8477999999999996,3324.8727,2717.8803,2426.6745,2233.7977,2089.5474,,,,,,,,,,
0.8478999999999995,3422.9051,2805.3224,2495.3464,2289.5759,2137.1339,,,,,,,,,,
0.8479999999999995,3505.7494,2842.2401,2531.3555,2324.2985,2175.4809,,,,,,,,,,
0.8480999999999995,3550.4758,2887.0782,2562.3822,2345.414,2191.4498,,,,,,,,,,
0.8481999999999995,3573.8306,2913.6085,2592.6135,2379.8624,2222.0187,,,,,,,,,,
0.8482999999999995,3574.4496,2915.5484,2594.084,2380.0183,2223.7053,,,,,,,,,,
0.8483999999999995,3667.4458,2980.9809,2644.5284,2427.3031,2266.7037,,,,,,,,,,
0.8484999999999995,3627.8096,2947.5577,2617.5324,2410.7138,2258.7626,,,,,,,,,,
0.8485999999999995,3619.5085,2961.8503,2629.7278,2411.77,2252.7614,,,,,,,,,,
0.8486999999999995,3726.1315,3018.5344,2672.692,2451.3302,2289.5153,,,,,,,,,,
0.8487999999999994,3763.1889,3051.6648,2713.9629,2494.3136,2332.7207,,,,,,,,,,
0.8488999999999994,3807.95,3085.0515,2733.9883,2510.2115,2344.3444,,,,,,,,,,
0.8489999999999994,3818.3179,3122.3374,2774.9658,2551.1826,2386.407,,,,,,,,,,
0.8490999999999994,3943.4335,3204.9078,2839.3767,2604.8325,2434.0179,,,,,,,,,,
0.8491999999999994,3974.4686,3228.8328,2869.6828,2633.296,2457.4645,,,,,,,,,,
0.8492999999999994,3970.8439,3230.5278,2872.5915,2638.0966,2461.5453,,,,,,,,,,
0.8493999999999994,4004.8258,3256.3403,2894.8992,2659.0022,2482.5995,,,,,,,,,,
0.8494999999999994,4067.7548,3287.3154,2915.2808,2675.129,2493.8732,,,,,,,,,,
0.8495999999999994,4117.5802,3326.1183,2939.3329,2694.643,2513.4662,,,,,,,,,,
0.8496999999999993,4142.737,3332.8125,2947.4183,2694.7979,2515.1011,,,,,,,,,,
0.8497999999999993,4074.7427,3301.4101,2927.7657,2685.5064,2505.941,,,,,,,,,,
0.8498999999999993,4173.6781,3370.676,2989.2151,2742.6073,2556.2149,,,,,,,,,,
0.8499999999999993,4228.6297,3423.3223,3030.2901,2777.7484,2591.5601,,,,,,,,,,
0.8500999999999993,4301.0591,3468.8835,3067.418,2806.9416,2614.1532,,,,,,,,,,
0.8501999999999993,4423.9912,3536.4013,3122.8365,2851.293,2655.0176,,,,,,,,,,
0.8502999999999993,4391.6916,3533.2351,3113.2036,2845.7314,2654.7377,,,,,,,,,,
0.8503999999999993,4337.7066,3530.8215,3127.9613,2863.8005,2668.8169,,,,,,,,,,
0.8504999999999993,4325.2844,3495.2302,3102.3022,2840.7014,2647.3761,,,,,,,,,,
0.8505999999999992,4356.0814,3526.5866,3122.9642,2852.608,2662.4958,,,,,,,,,,
0.8506999999999992,4394.9959,3536.0629,3123.2582,2860.9902,2669.6306,,,,,,,,,,
0.8507999999999992,4427.1525,3577.8386,3162.3257,2892.1104,2696.6438,,,,,,,,,,
0.8508999999999992,4424.688,3580.245,3152.4891,2882.9278,2688.303,,,,,,,,,,
0.8509999999999992,4505.2988,3614.709,3190.0883,2916.049,2713.1675,,,,,,,,,,
0.8510999999999992,4452.6513,3586.614,3166.4569,2894.5469,2696.8651,,,,,,,,,,
0.8511999999999992,4458.0065,3592.2107,3185.889,2917.9486,2717.1263,,,,,,,,,,
0.8512999999999992,4560.7935,3666.5903,3238.8709,2958.5567,2749.7925,,,,,,,,,,
0.8513999999999992,4459.6994,3595.8116,3181.8956,2910.4947,2711.4437,,,,,,,,,,
0.8514999999999991,4467.786,3606.956,3195.0914,2927.5269,2728.276,,,,,,,,,,
0.8515999999999991,4433.2629,3581.858,3162.5675,2893.7972,2701.1296,,,,,,,,,,
0.8516999999999991,4477.4039,3624.5117,3204.3271,2927.6325,2725.1744,,,,,,,,,,
0.8517999999999991,4534.9879,3667.4847,3233.3109,2952.4864,2746.7553,,,,,,,,,,
0.8518999999999991,4541.4422,3657.5171,3232.0591,2958.3911,2751.1925,,,,,,,,,,
0.8519999999999991,4636.2793,3716.3538,3266.7276,2981.1788,2772.0594,,,,,,,,,,
0.8520999999999991,4545.6386,3665.56,3243.6431,2967.5048,2769.4013,,,,,,,,,,
0.8521999999999991,4563.2935,3680.3585,3244.6203,2969.2709,2758.3837,,,,,,,,,,
0.8522999999999991,4523.6534,3661.8029,3243.1536,2966.2743,2761.9045,,,,,,,,,,
0.852399999999999,4554.5891,3665.1563,3247.3491,2975.7576,2768.7721,,,,,,,,,,
0.852499999999999,4608.5048,3710.6532,3277.9439,2994.4147,2788.8038,,,,,,,,,,
0.852599999999999,4656.1719,3752.7409,3311.6751,3030.0478,2817.6357,,,,,,,,,,
0.852699999999999,4734.6748,3789.7238,3346.3306,3060.7411,2851.8763,,,,,,,,,,
0.852799999999999,4812.734,3848.6757,3379.8789,3087.9005,2875.8282,,,,,,,,,,
0.852899999999999,4773.6327,3850.8089,3407.5078,3115.4789,2892.8867,,,,,,,,,,
0.852999999999999,4915.9044,3930.1413,3471.7823,3173.2682,2947.16,,,,,,,,,,
0.853099999999999,4931.555,3947.4438,3474.7787,3168.1018,2945.5052,,,,,,,,,,
0.853199999999999,4955.3447,3959.2528,3480.6798,3173.4494,2951.1603,,,,,,,,,,
0.853299999999999,4979.9096,4003.7931,3523.3852,3217.3661,2994.527,,,,,,,,,,
0.8533999999999989,5103.7419,4068.7293,3568.022,3255.9996,3028.5485,,,,,,,,,,
0.8534999999999989,5064.1082,4064.4078,3588.9593,3273.9018,3042.1743,,,,,,,,,,
0.8535999999999989,5331.907,4268.191,3764.1971,3437.6334,3192.8816,,,,,,,,,,
0.8536999999999989,5557.067,4417.7676,3883.6624,3543.3168,3289.8941,,,,,,,,,,
0.8537999999999989,5793.7751,4604.7809,4029.1129,3665.4315,3395.886,,,,,,,,,,
0.8538999999999989,5960.4118,4746.1602,4146.8818,3770.9537,3491.5249,,,,,,,,,,
0.8539999999999989,6149.7734,4844.6718,4245.8184,3858.6188,3574.4371,,,,,,,,,,
0.8540999999999989,6071.8513,4854.7626,4249.0285,3862.9575,3574.4258,,,,,,,,,,
0.8541999999999988,6191.8513,4927.6255,4323.884,3924.1933,3636.1308,,,,,,,,,,
0.8542999999999988,6286.7955,4983.7508,4360.7641,3967.5932,3669.9694,,,,,,,,,,
0.8543999999999988,6500.7534,5157.5304,4514.4189,4103.3074,3794.7714,,,,,,,,,,
0.8544999999999988,6816.5715,5365.1456,4665.6613,4219.9064,3896.2545,,,,,,,,,,
0.8545999999999988,7276.2675,5735.7357,4997.0937,4513.34,4161.3037,,,,,,,,,,
0.8546999999999988,7963.7463,6201.1737,5369.2709,4824.1287,4436.248,,,,,,,,,,
0.8547999999999988,8488.1354,6628.8417,5712.5037,5134.4967,4716.9287,,,,,,,,,,
0.8548999999999988,8788.8223,6807.7858,5849.6805,5240.4293,4809.4177,,,,,,,,,,
0.8549999999999988,9228.3253,7153.3339,6175.8808,5543.6232,5082.7617,,,,,,,,,,
0.8550999999999987,9205.3272,7124.8117,6120.9193,5487.3701,5036.1552,,,,,,,,,,
0.8551999999999987,9113.3141,7064.7092,6091.9691,5476.719,5024.8362,,,,,,,,,,
0.8552999999999987,9595.4771,7389.3017,6366.0587,5716.9474,5232.6608,,,,,,,,,,
0.8553999999999987,10106.1369,7713.0198,6621.2503,5900.2281,5385.9811,,,,,,,,,,
0.8554999999999987,10672.154,8211.5847,7013.8632,6259.9603,5715.9686,,,,,,,,,,
0.8555999999999987,11687.1302,8941.6573,7621.9572,6774.785,6168.8559,,,,,,,,,,
0.8556999999999987,12706.8672,9611.1895,8139.1133,7226.0177,6551.876,,,,,,,,,,
0.8557999999999987,13327.5819,9986.117,8456.0656,7470.8009,6766.2321,,,,,,,,,,
0.8558999999999987,13526.2745,10116.0407,8558.974,7569.7482,6856.8722,,,,,,,,,,
0.8559999999999987,13565.2771,10256.999,8700.4232,7724.1564,7000.0078,,,,,,,,,,
0.8560999999999986,13888.9853,10482.6455,8840.1737,7795.1736,7046.775,,,,,,,,,,
0.8561999999999986,14266.5189,10723.6102,9062.4944,7983.1939,7208.7947,,,,,,,,,,
0.8562999999999986,14609.2425,10923.5203,9235.5663,8165.0988,7370.966,,,,,,,,,,
0.8563999999999986,15484.1533,11549.3025,9699.2915,8550.8244,7714.6182,,,,,,,,,,
0.8564999999999986,16795.6861,12425.1435,10320.7846,9027.7175,8110.8795,,,,,,,,,,
0.8565999999999986,17417.9748,12698.8039,10604.5381,9264.6906,8309.2068,,,,,,,,,,
0.8566999999999986,18344.2822,13361.0646,11065.109,9636.2214,8618.9674,,,,,,,,,,
0.8567999999999986,17842.7335,13194.2337,11030.5968,9647.9175,8636.2882,,,,,,,,,,
0.8568999999999986,19228.6513,13944.4724,11539.0582,10043.1946,8957.4012,,,,,,,,,,
0.8569999999999985,18762.3105,13712.0826,11395.7949,9919.5914,8881.1258,,,,,,,,,,
0.8570999999999985,19412.024,14218.2142,11733.6334,10171.7876,9061.2313,,,,,,,,,,
0.8571999999999985,19039.1928,13798.3827,11475.8984,10006.6305,8953.5851,,,,,,,,,,
0.8572999999999985,20702.9193,14883.2909,12170.6883,10545.3623,9355.4181,,,,,,,,,,
0.8573999999999985,21108.4491,15163.5929,12453.4755,10788.8177,9576.7101,,,,,,,,,,
0.8574999999999985,21989.9413,15841.1359,12967.7538,11189.6014,9922.7331,,,,,,,,,,
0.8575999999999985,22403.3966,15981.2527,13090.7214,11280.8858,9964.9641,,,,,,,,,,
0.8576999999999985,23637.3851,16590.0858,13543.5363,11616.2841,10290.6181,,,,,,,,,,
0.8577999999999985,23768.2795,16836.1988,13726.5523,11842.2046,10494.0856,,,,,,,,,,
0.8578999999999984,23029.1596,16434.1588,13428.3515,11596.9002,10284.9199,,,,,,,,,,
0.8579999999999984,23878.5149,16917.6508,13718.7069,11757.6553,10407.2878,,,,,,,,,,
0.8580999999999984,24209.7215,17077.7899,13930.4261,11949.5996,10552.709,,,,,,,,,,
0.8581999999999984,24363.2952,17056.9904,13890.6922,11967.8389,10563.3773,,,,,,,,,,
0.8582999999999984,24592.0265,17427.1048,14157.7059,12108.4578,10651.1212,,,,,,,,,,
0.8583999999999984,24242.1967,17082.7011,13918.0512,11946.8931,10532.2624,,,,,,,,,,
0.8584999999999984,25216.0726,17612.6824,14250.9752,12198.7166,10744.7126,,,,,,,,,,
0.8585999999999984,24680.5017,17370.6744,14113.4584,12130.9178,10689.5075,,,,,,,,,,
0.8586999999999984,25467.0274,18042.7908,14622.0925,12500.3709,10961.0286,,,,,,,,,,
0.8587999999999983,26750.8526,18802.0199,15165.9653,12920.6034,11298.6337,,,,,,,,,,
0.8588999999999983,27703.6706,19291.2232,15530.3974,13221.9862,11562.7119,,,,,,,,,,
0.8589999999999983,29813.3586,20311.9914,16102.1434,13619.6149,11896.789,,,,,,,,,,
0.8590999999999983,30639.3096,21046.2774,16698.8911,14046.0243,12205.0087,,,,,,,,,,
0.8591999999999983,29964.1008,20467.6965,16317.4178,13840.8672,12091.4257,,,,,,,,,,
0.8592999999999983,30807.9245,21179.7014,16833.5056,14212.5602,12361.5175,,,,,,,,,,
0.8593999999999983,32318.6694,22152.8783,17529.1487,14700.5793,12698.6199,,,,,,,,,,
0.8594999999999983,35244.9431,23482.6599,18321.8948,15290.5125,13174.8571,,,,,,,,,,
0.8595999999999983,40468.258,26082.1208,20146.5367,16545.8889,14117.6097,,,,,,,,,,
0.8596999999999982,47559.8934,29666.9416,22324.9212,18026.1103,15194.2678,,,,,,,,,,
0.8597999999999982,56147.3833,33309.0471,24561.1357,19414.0225,16104.5728,,,,,,,,,,
0.8598999999999982,58940.3509,34455.8642,25118.8717,20007.5707,16458.005,,,,,,,,,,
0.8599999999999982,61008.97,35384.0527,25645.2693,20202.6153,16691.0733,,,,,,,,,,
0.8600999999999982,62293.1066,36091.2734,26043.6416,20445.0365,16835.9587,,,,,,,,,,
0.8601999999999982,72131.0037,39149.1139,27495.4021,21173.3267,17199.572,,,,,,,,,,
0.8602999999999982,90755.6851,45190.9692,30254.7663,22354.7821,17597.9459,,,,,,,,,,
0.8603999999999982,120471.8648,50794.967,31344.784,22289.6358,17035.5054,,,,,,,,,,
0.8604999999999982,162153.2433,53790.9067,30841.7756,20751.1608,15213.9133,,,,,,,,,,
0.8605999999999981,221405.3418,50195.8018,25727.1002,16265.6596,11584.9836,,,,,,,,,,
0.8606999999999981,273079.8612,43248.1402,20152.1675,12383.3993,8733.8893,,,,,,,,,,
0.8607999999999981,290353.1586,39446.0773,17895.8111,11079.3746,7841.3638,,,,,,,,,,
0.8608999999999981,294262.5299,38709.1407,17271.6114,10687.6537,7574.3234,,,,,,,,,,
0.8609999999999981,314117.4727,34161.3792,15154.9486,9358.9312,6615.6399,,,,,,,,,,
0.8610999999999981,351149.4043,25525.2228,11132.73,6795.1123,4869.4255,,,,,,,,,,
0.8611999999999981,383006.1899,17237.6942,7768.2755,4952.5687,3644.9321,,,,,,,,,,
0.8612999999999981,393744.4331,15060.76,6677.5554,4397.6385,3274.7158,,,,,,,,,,
0.8613999999999981,426930.1301,9002.824,4232.7641,2909.3371,2243.6425,,,,,,,,,,
0.861499999999998,434450.8087,7789.432,3844.1787,2648.6092,2066.507,,,,,,,,,,
0.861599999999998,436874.5031,7537.1412,3719.8229,2536.5733,1969.5159,,,,,,,,,,
0.861699999999998,440015.3245,6962.1568,3487.3806,2428.3647,1891.4635,,,,,,,,,,
0.861799999999998,449787.4297,6002.431,3054.2037,2156.0395,1695.0365,,,,,,,,,,
0.861899999999998,458795.225,5110.1872,2692.6288,1912.1398,1505.3573,,,,,,,,,,
0.861999999999998,466268.6071,4474.1045,2381.1131,1719.0523,1367.2772,,,,,,,,,,
0.862099999999998,475014.8518,3894.7494,2090.1821,1517.7491,1210.8375,,,,,,,,,,
0.862199999999998,491454.4839,2959.9673,1669.2448,1222.2479,985.9788,,,,,,,,,,
0.862299999999998,491018.1036,3000.5079,1661.1154,1220.1723,989.2171,,,,,,,,,,
0.862399999999998,492813.9226,2915.6937,1649.7774,1204.6394,969.5999,,,,,,,,,,
0.8624999999999979,493202.2863,2862.6788,1612.8178,1183.5878,956.1075,,,,,,,,,,
0.8625999999999979,516443.9142,2011.8005,1169.0977,870.8889,709.3417,,,,,,,,,,
0.8626999999999979,520433.2734,1965.4117,1132.181,847.9745,690.6693,,,,,,,,,,
0.8627999999999979,524844.8966,1822.0834,1054.1847,787.7737,647.8127,,,,,,,,,,
0.8628999999999979,525601.0743,1784.4422,1028.1114,769.6163,629.2332,,,,,,,,,,
0.8629999999999979,525741.2558,1793.1976,1034.3805,776.3212,637.1421,,,,,,,,,,
0.8630999999999979,526954.2149,1817.3959,1052.7534,786.3767,641.767,,,,,,,,,,
0.8631999999999979,525018.2384,1819.0631,1053.5243,786.3067,641.7744,,,,,,,,,,
0.8632999999999978,527920.4419,1706.663,1011.7344,760.4764,619.474,,,,,,,,,,
0.8633999999999978,527179.8382,1733.1934,1016.9411,766.8137,629.0946,,,,,,,,,,
0.8634999999999978,527562.6385,1766.7388,1015.4538,761.6261,624.3042,,,,,,,,,,
0.8635999999999978,526996.5758,1783.1602,1033.9241,771.3951,631.6717,,,,,,,,,,
0.8636999999999978,526306.9697,1740.4453,1031.1782,771.8651,632.9055,,,,,,,,,,
0.8637999999999978,527891.3882,1765.5699,1013.9329,760.9532,624.01,,,,,,,,,,
0.8638999999999978,528101.966,1720.5522,1019.0827,764.006,625.3001,,,,,,,,,,
0.8639999999999978,531510.3303,1696.8531,989.5604,738.0372,601.0857,,,,,,,,,,
0.8640999999999978,536381.1476,1558.6134,922.2714,691.4441,566.0327,,,,,,,,,,
0.8641999999999977,539202.1185,1445.1795,855.2323,648.7431,535.7522,,,,,,,,,,
0.8642999999999977,539075.6957,1488.5011,879.9103,664.0198,545.1656,,,,,,,,,,
0.8643999999999977,538213.2711,1487.7956,872.5624,656.2135,541.9349,,,,,,,,,,
0.8644999999999977,540126.5794,1459.3257,858.6352,649.1303,535.2005,,,,,,,,,,
0.8645999999999977,544014.5148,1413.8635,842.0637,631.1083,516.7913,,,,,,,,,,
0.8646999999999977,544721.5688,1338.5397,797.817,604.0918,498.6094,,,,,,,,,,
0.8647999999999977,550552.4571,1248.7315,746.8655,568.3716,469.6955,,,,,,,,,,
0.8648999999999977,552946.4836,1226.7711,739.7159,562.345,463.1422,,,,,,,,,,
0.8649999999999977,555100.3827,1171.7032,708.9461,534.86,439.8192,,,,,,,,,,
0.8650999999999976,557351.8856,1141.8158,689.8656,528.9469,437.3092,,,,,,,,,,
0.8651999999999976,558948.5751,1118.9457,670.1919,510.7941,424.112,,,,,,,,,,
0.8652999999999976,568516.2165,1011.1578,608.8211,467.1673,386.0517,,,,,,,,,,
0.8653999999999976,581988.5764,844.0608,519.4258,398.7761,330.1007,,,,,,,,,,
0.8654999999999976,592890.1927,765.1363,461.5497,354.6175,294.6033,,,,,,,,,,
0.8655999999999976,595748.5142,718.1129,445.7322,342.3759,284.9642,,,,,,,,,,
0.8656999999999976,599598.4453,685.9047,428.9383,330.659,276.5721,,,,,,,,,,
0.8657999999999976,599479.88,707.3557,426.5002,326.7932,272.712,,,,,,,,,,
0.8658999999999976,604664.6454,656.6717,405.6027,312.582,260.5809,,,,,,,,,,
0.8659999999999975,613888.3673,589.2187,364.5345,283.647,237.4957,,,,,,,,,,
0.8660999999999975,628531.2561,519.6988,317.6866,246.4178,205.406,,,,,,,,,,
0.8661999999999975,632646.4291,481.4955,300.6062,234.6156,197.5245,,,,,,,,,,
0.8662999999999975,636985.2694,469.0809,293.5251,228.5485,191.6925,,,,,,,,,,
0.8663999999999975,637059.9343,481.3705,299.4065,231.9439,194.0545,,,,,,,,,,
0.8664999999999975,643222.45,446.6957,277.9214,216.8541,182.1316,,,,,,,,,,
0.8665999999999975,654232.5235,404.0685,254.5539,198.4679,166.8923,,,,,,,,,,
0.8666999999999975,668478.8794,350.4562,222.9729,173.5221,146.1955,,,,,,,,,,
0.8667999999999975,695395.6207,289.2854,180.7444,142.366,119.8477,,,,,,,,,,
0.8668999999999975,697956.1782,281.107,177.3587,138.8491,117.0463,,,,,,,,,,
0.8669999999999974,698976.8943,280.4484,178.8826,139.525,116.8366,,,,,,,,,,
0.8670999999999974,692406.9687,292.1372,184.5147,144.8753,121.6628,,,,,,,,,,
0.8671999999999974,696643.8603,279.7896,176.4808,137.1856,115.2279,,,,,,,,,,
0.8672999999999974,708190.6589,261.7939,164.1443,128.0442,107.3925,,,,,,,,,,
0.8673999999999974,714911.0873,244.9144,155.3981,121.865,102.3555,,,,,,,,,,
0.8674999999999974,714751.0291,245.3774,156.9385,123.3804,103.603,,,,,,,,,,
0.8675999999999974,715179.2909,241.0771,154.8365,121.4017,102.2166,,,,,,,,,,
0.8676999999999974,714649.0946,242.6351,154.7254,121.1775,101.7258,,,,,,,,,,
0.8677999999999974,715344.8057,244.9731,156.0588,122.722,103.1242,,,,,,,,,,
0.8678999999999973,718702.6701,230.0298,147.9465,116.3332,97.993,,,,,,,,,,
0.8679999999999973,715985.1424,242.8168,153.2418,120.2255,101.3319,,,,,,,,,,
0.8680999999999973,716235.6469,239.061,151.9084,119.382,100.381,,,,,,,,,,
0.8681999999999973,716373.48,240.1907,153.2755,119.5444,100.5206,,,,,,,,,,
0.8682999999999973,714268.9241,241.8389,153.1909,119.9689,101.2204,,,,,,,,,,
0.8683999999999973,718624.303,235.6631,148.7468,116.7211,98.6649,,,,,,,,,,
0.8684999999999973,720389.0361,234.7144,148.5074,116.4155,97.9993,,,,,,,,,,
0.8685999999999973,719970.7217,234.6364,150.1387,117.8313,99.0152,,,,,,,,,,
0.8686999999999973,710108.9838,249.2928,158.5145,123.7841,104.3181,,,,,,,,,,
0.8687999999999972,710953.8471,250.982,158.2857,123.9977,104.187,,,,,,,,,,
0.8688999999999972,710344.0386,257.1375,161.0118,125.5943,105.3981,,,,,,,,,,
0.8689999999999972,715295.0668,241.0496,151.2961,117.9025,99.0129,,,,,,,,,,
0.8690999999999972,714332.3672303474,247.83626599634368,155.22166361974405,121.48137568555758,101.93864259597808,,,,,,,,,,
0.8691999999999972,719778.7495979784,235.71031472547668,146.51297955433034,114.19411899839191,96.59981621869974,,,,,,,,,,
0.8692999999999972,721251.2509460738,232.0753311258278,147.78985335856197,115.74101229895932,97.735454115421,,,,,,,,,,
0.8693999999999972,721490.8853310779,226.13376027066212,145.63376027066215,114.06138231029485,96.06561140647656,,,,,,,,,,
0.8694999999999972,723160.2291901364,227.5033170609588,146.2865189635749,114.72674928026036,95.85880585805482,,,,,,,,,,
0.8695999999999972,729130.602514755,216.44328971003333,140.21105978958172,110.2183731075186,92.60905824993584,,,,,,,,,,
0.8696999999999971,736666.8338465486,211.17346676930973,134.7811136771876,104.61175263022838,87.84269951244548,,,,,,,,,,
0.8697999999999971,741916.6393293475,197.80842214712763,125.32024954510008,98.56745515986483,83.02378476735119,,,,,,,,,,
0.8698999999999971,743829.2725096423,199.8114110919005,125.0867136587312,97.50631732943212,81.34126878574278,,,,,,,,,,
0.8699999999999971,747646.6222578919,193.34135901551636,121.63576779026218,95.1888710540396,80.07945425361156,,,,,,,,,,
0.8700999999999971,747280.2089041095,190.61780821917807,121.52616438356164,95.69712328767125,80.44657534246575,,,,,,,,,,
0.8701999999999971,751083.6581976417,184.1435991016283,117.03326782706344,91.5053340819764,76.74087591240875,,,,,,,,,,
0.8702999999999971,766355.6374840629,168.71993200169996,108.10851395381782,84.44057231902536,70.940784813713,,,,,,,,,,
0.8703999999999971,769362.4206058832,160.95141226401287,104.77184252890385,81.79496560807844,68.87135957851602,,,,,,,,,,
0.870499999999997,769910.8658250147,166.48605402231357,106.09703464474455,82.32090428655314,69.20654726952436,,,,,,,,,,
0.870599999999997,771977.3201228429,157.1339572974554,102.41357121965488,80.9157648435215,67.83781807546066,,,,,,,,,,
0.870699999999997,767171.9899169633,161.9820581257414,106.1811981020166,83.17111506524319,69.91043890865954,,,,,,,,,,
0.870799999999997,788629.3074188563,150.8502318392581,95.37604327666152,74.454714064915,62.69304482225657,,,,,,,,,,
0.870899999999997,812293.799140538,124.78290625497374,80.23189559127805,63.60035015120165,53.50915167913417,,,,,,,,,,
0.870999999999997,831853.897444576,113.72888813674057,71.98899983076663,56.09646302250804,46.98426129632764,,,,,,,,,,
0.871099999999997,831004.9159561511,114.82530015660345,71.93144249173481,55.90081781799199,46.81903601879241,,,,,,,,,,
0.871199999999997,838615.4370229008,110.41030534351144,68.95248091603054,53.30515267175573,44.64160305343511,,,,,,,,,,
0.871299999999997,846652.6146734854,103.35542879622344,65.76455546813533,50.63886703383163,42.43725413060582,,,,,,,,,,
0.871399999999997,882031.0093415356,84.4982911825017,52.3570289359763,40.2449305080884,33.67919799498747,,,,,,,,,,
0.8714999999999969,884360.398055893,84.09671931956258,51.02600243013366,39.46804374240583,32.86318347509113,,,,,,,,,,
0.8715999999999969,884373.8805614407,85.4740466101695,51.82468220338984,39.87235169491525,32.974311440677965,,,,,,,,,,
0.8716999999999969,885604.6932153392,77.71714192068174,48.15240904621436,37.50344149459194,31.48017043592265,,,,,,,,,,
0.8717999999999969,880683.404494382,87.60112359550561,53.86704119850187,41.58052434456929,34.666666666666664,,,,,,,,,,
0.8719,893868.904720093,78.14580317520587,48.639004247846415,37.49621490780512,31.13735494435084,,,,,,,,,,
0.872,890038.6086822074,80.28375356803045,49.66291627021884,38.24267364414843,31.759348239771647,,,,,,,,,,
0.8721,875989.9516129033,86.80040917308973,54.034066038633554,41.78556475402036,34.73156342182891,,,,,,,,,,
0.8722,843707.0008794238,102.71081215981746,64.63387445630214,50.03691203384594,41.62246571435362,,,,,,,,,,
0.8723,843499.4429609921,103.538532807526,64.7249251674823,50.07321708557039,41.71437734594004,,,,,,,,,,
0.8724,844055.8853756848,102.6870459317902,64.34044556008786,49.76841012768217,41.439477685790834,,,,,,,,,,
0.8724999999999999,844555.9074880172,101.73527829404284,64.29460530177052,49.811258925951286,41.5173383546904,,,,,,,,,,
0.8725999999999999,842389.8272516399,102.72152246027984,64.54852468011872,49.897762701718506,41.582071683336245,,,,,,,,,,
0.8726999999999999,846419.389325,100.998025,63.446775,48.97495,40.689875,,,,,,,,,,
0.8727999999999999,844547.7997,101.71445,64.292475,49.584575,41.251125,,,,,,,,,,
0.8728999999999999,845871.575675,100.927675,63.401275,49.072425,40.8586,,,,,,,,,,
0.8729999999999999,846982.5646,100.607575,63.216475,49.066475,40.8772,,,,,,,,,,
0.8730999999999999,844292.2414,100.82135,63.717475,49.345525,41.065075,,,,,,,,,,
0.8731999999999999,846017.53895,98.724925,62.696675,48.79755,40.57285,,,,,,,,,,
0.8732999999999999,848848.6126,100.85755,62.643425,48.36705,40.197225,,,,,,,,,,
0.8733999999999998,849298.085125,98.599925,61.907225,47.944575,39.811275,,,,,,,,,,
0.8734999999999998,830673.969875,107.38095,68.108975,52.9259,44.157475,,,,,,,,,,
0.8735999999999998,834468.96585,103.00225,65.6472,51.150525,42.654675,,,,,,,,,,
0.8736999999999998,839187.823575,100.750975,63.938675,49.72665,41.437975,,,,,,,,,,
0.8737999999999998,837773.65515,101.049675,64.535925,50.184425,41.800775,,,,,,,,,,
0.8738999999999998,838533.335,101.0807,64.1378,49.9684,41.62245,,,,,,,,,,
0.8739999999999998,842522.27035,99.952375,62.8062,48.6927,40.465375,,,,,,,,,,
0.8740999999999998,848248.441025,95.530275,60.13525,46.47425,38.568,,,,,,,,,,
0.8741999999999998,853454.86045,91.71705,57.49995,44.378575,36.806825,,,,,,,,,,
0.8742999999999997,856028.0675,92.17945,57.45655,44.233925,36.602525,,,,,,,,,,
0.8743999999999997,858727.890125,89.702725,55.749725,42.944625,35.6323,,,,,,,,,,
0.8744999999999997,861424.482375,87.08155,54.58275,41.97225,34.7698,,,,,,,,,,
0.8745999999999997,872552.884525,81.08195,50.431875,38.7767,32.054875,,,,,,,,,,
0.8746999999999997,871312.3389,80.13995,50.58225,38.990875,32.293975,,,,,,,,,,
0.8747999999999997,874081.3058,80.376225,50.345125,38.4733,31.675175,,,,,,,,,,
0.8748999999999997,875863.118975,78.672725,49.308525,37.70565,31.116125,,,,,,,,,,
0.8749999999999997,933867.87515,49.47905,28.788225,21.30725,17.211625,,,,,,,,,,
0.8750999999999997,973830.860475,12.62765,6.37285,4.819275,3.652325,,,,,,,,,,
0.8751999999999996,975932.711725,10.60075,5.211825,3.948825,2.865725,,,,,,,,,,
0.8752999999999996,971965.129852666,18.0710944808232,10.02227549111319,7.56264616463985,6.13853484565014,,,,,,,,,,
0.8753999999999996,971956.1184318796,16.01046197249324,8.889884800752322,6.80272128835077,5.48918537674856,,,,,,,,,,
0.8754999999999996,975775.817871962,10.75260818020154,6.174066390041494,4.565856550088915,3.4745998814463546,,,,,,,,,,
0.8755999999999996,974170.4063223052,13.037320832957722,7.96529342828811,6.009585624568046,4.818203671985336,,,,,,,,,,
0.8756999999999996,973789.8254941852,13.748793003977774,7.816445510582091,5.855069383293353,4.655694895697325,,,,,,,,,,
0.8757999999999996,973926.9143622852,12.536758435863078,6.798331100012182,5.216896089657693,4.060360579851382,,,,,,,,,,
0.8758999999999996,970857.7638939671,17.67513711151737,10.029616087751371,7.687720901889092,6.282175502742231,,,,,,,,,,
0.8759999999999996,973138.5000459404,15.3504946249732,8.969985605341337,6.998499280267067,5.711800557410187,,,,,,,,,,
0.8760999999999995,970660.8264297988,18.341586892488955,10.397981099656358,7.998312469317624,6.596158566519391,,,,,,,,,,
0.8761999999999995,973198.5317294708,14.850619860071191,7.583926598748006,5.720234442125936,4.441727016079539,,,,,,,,,,
0.8762999999999995,972552.1733669114,17.512944934123645,10.081631399527042,7.750683332821474,6.352108350480636,,,,,,,,,,
0.8763999999999995,975036.0913142364,11.773389476272436,6.477870666338824,4.955987214162773,3.807997295303664,,,,,,,,,,
0.8764999999999995,971863.081501522,18.256033449134566,9.84243858947951,7.496572078580871,6.091923632674393,,,,,,,,,,
0.8765999999999995,976307.5707425192,9.116057135820713,4.614825760374338,3.569203300086196,2.560091121783032,,,,,,,,,,
0.8766999999999995,976516.5061556114,10.0351970725959,5.642571401990883,4.223803764691289,3.162960895587186,,,,,,,,,,
0.8767999999999995,974043.1839990068,13.033826769698662,7.969276603668187,5.8363901560996805,4.368991093318437,,,,,,,,,,
0.8768999999999995,975187.1142812792,12.259329400807204,6.911983855945358,5.253865259236262,4.087767773983235,,,,,,,,,,
0.9,976874.19283738,9.0,5.865265644915596,3.6217552149718655,2.621755214971865,1.9659684544347211,0.006243194087603704,0.9415535692494199,0.29364769714928474,1.0219380363584258,0.21553410599361691,1.0470397368266862,0.24280766837332562,0.9894307423138615,0.1952019182155052
0.95,977515.9504491902,9.0,4.689172806117691,3.378314526407411,2.378314526407411,1.965564983811905,0.006326703334747501,0.8718253425754652,0.1500257397488478,0.8718253425754652,0.1500257397488478,0.778524277300809,0.22378305088062694,1.0153909916273105,0.22503874061198878
1.0,977875.123463722,9.0,4.12839228897623,3.096294216732173,2.096294216732173,1.9653995580536439,0.006314943691741699,0.5975602043229923,0.17837047715000964,1.07951409580051,0.1621400486220316,0.8652782978443497,0.22245996177019023,0.8718253425754652,0.1500257397488478
0.75,,,,,,1.1052731778980387,0.04426743015291691,1.0599820468163215,0.04568133530447955,1.0277216258434656,0.04463673481398848,1.0102894806265037,0.04396593013550133,1.001960443211759,0.041231308176262575
0.81,,,,,,1.3657957093008026,0.028816811199689474,1.340259209615055,0.029032272448696536,1.3341089785226015,0.030246472807125207,1.333664895488114,0.030506115611018954,1.326178819652382,0.030314094369463272
0.807,,,,,,1.3414956411025865,0.030108815412003078,1.3217363780640303,0.03151084538406562,1.3050049638426768,0.0328204432283846,1.2945006777359986,0.033545145771203495,1.2961599961637962,0.03275957406524074
0.805,,,,,,1.338248055557024,0.03181179958272527,1.3093395388246285,0.03459061933362759,1.294029909459801,0.03394873939155543,1.2816511030241085,0.03556488521495905,1.2719086717811088,0.036536787937775664
0.25,,,,,,1.2830075780602594,0.03943791609063875,1.278235384585826,0.03452738676650642,1.2685505717625616,0.0355026962977174,1.2221851063407725,0.03040458863419704,1.2129716225472074,0.027074151908420458
0.808,,,,,,1.3476584265507605,0.03006002541442686,1.3253892225775554,0.031068858142915625,1.308902776474793,0.03218773361386744,1.302879115804935,0.03144813656382036,1.296109159655706,0.03271333086720551
0.811,,,,,,1.3694364467870848,0.026789717507848178,1.3477253759917915,0.028194991026558393,1.3408313199662711,0.02961394926719955,1.3269114991217263,0.030686169847864896,1.320499883675358,0.03191867759934189
0.45,,,,,,1.2488583416667898,0.038325690808183356,1.1878533320431885,0.028671533198987385,1.138694485515425,0.023146316485846422,1.118380896061776,0.016811121546357957,1.1025873297962203,0.014683574342117166
0.806,,,,,,1.3418937714448445,0.030064192306440318,1.3126541000304839,0.03317287246487372,1.3026368678605786,0.03318548302191912,1.292446671996043,0.03413848298055913,1.2858443673641389,0.034803389748208735
0.05,,,,,,1.0925176524760332,0.04434195036459539,1.0537151782684542,0.04426573636905689,1.0331875002281605,0.04571486228048242,1.0229488186043887,0.04439339224232286,1.01221636058287,0.0424101090461357
0.7000000000000001,,,,,,0.8234036436126722,0.0217874831824321,0.8039978130916134,0.02176073511331562,0.7933544175088978,0.021723037500079746,0.7840119639456045,0.023003279683078436,0.7796734398918236,0.021169470491300142
0.4,,,,,,1.2425580239943905,0.03201466222918013,1.2277747542340691,0.02552596505668574,1.2002498654426526,0.02324917514181932,1.170620696650699,0.01967796188389953,1.1615620519117995,0.020134828066879877
0.15,,,,,,1.2951944273774474,0.0375992994352338,1.30587366019506,0.037703559373683054,1.293837651393191,0.035425546103734495,1.291084273818742,0.033459583558159825,1.2782998180719056,0.03203398143607681
0.3,,,,,,1.2646564311299764,0.03170178665179178,1.210827370010402,0.02546936931741958,1.1985103316471892,0.027678981637139236,1.1878798662578725,0.02479839887956724,1.1753172942607015,0.022744889260760664
0.0,,,,,,0.6953105845223806,0.042367233172407086,0.5932124714764269,0.03413501326857996,0.5489842529169212,0.03371686975032865,0.5249032089647789,0.032155861670679894,0.5147243392929246,0.03452860437821568
0.35,,,,,,1.2233872874010814,0.02763279235301503,1.1849301518716993,0.020624670375308497,1.1813210586385994,0.021637844453945333,1.159054724219429,0.01853444088249632,1.1590762372234673,0.01927395163571382
0.804,,,,,,1.3357221776046706,0.02973603493770781,1.3030067926745954,0.03164605614987644,1.2903733060065237,0.03229526639801413,1.2834537668179236,0.033134615231176806,1.2742996091529728,0.032571540791012404
0.802,,,,,,1.3249339961548752,0.03356169571128155,1.3010003733317261,0.03208441847467709,1.2795885783185135,0.03460791632462301,1.274734931895705,0.03392152203359131,1.2631347636926424,0.03452866209570031
0.1,,,,,,1.2398301017781497,0.02733575934002228,1.2169259138296415,0.024552217767695183,1.1999907523906923,0.023502023886122672,1.1945740177780777,0.022657607469499887,1.1859013377255294,0.02109332106941492
0.801,,,,,,1.3256066200840648,0.03235307093935392,1.2951296006690631,0.033986790742984094,1.2842079417360641,0.03398255904217721,1.2674186890388142,0.03450301649550364,1.2603992503314638,0.0354802041535022
0.809,,,,,,1.3525731372725325,0.028463541616755697,1.3340112758341514,0.0308821668437046,1.3210612309943262,0.03102800659231092,1.3180986152415959,0.03056837563635737,1.3064602700499666,0.03272082995624424
0.2,,,,,,1.282241418525234,0.042776443950034736,1.274075558824621,0.040427847104520916,1.2783988814755023,0.033123171323554364,1.296885847586778,0.03773422686693174,1.2647452769458505,0.03065534024519964
0.65,,,,,,0.941948997831915,0.009268349326277398,0.9171044750351935,0.010523646831744164,0.9103065644700841,0.010666622191081271,0.9030587629192951,0.011413050178274344,0.9003415866517573,0.011309759118718975
0.803,,,,,,1.3146323939162337,0.032793335934457754,1.2959618090969511,0.03279814215958553,1.2777793438607865,0.034844309492578586,1.2759956184620354,0.035677466038091715,1.2636378519616074,0.03554616238018068
0.812,,,,,,1.3875810278633642,0.026433064818961367,1.369095467899458,0.02787091640429121,1.3581390259600512,0.02982711422511811,1.3486158895657165,0.028726061138378244,1.345427989656679,0.029628945236878024
0.8130000000000001,,,,,,1.3944660983384767,0.026091603581832053,1.3754293350048559,0.026575817060393254,1.3718801958527291,0.027657120418007802,1.355299488506054,0.02841270004722886,1.347917327469832,0.029656005763799655
0.8140000000000001,,,,,,1.4074121593001794,0.025706139513863434,1.393256313594147,0.025446857761764727,1.377665630450084,0.027139767967873672,1.371017017573764,0.02787429532570876,1.3651941285282343,0.028257461862390077
0.8150000000000001,,,,,,1.4129292591571065,0.027951724793612385,1.395834895308857,0.02706672356597703,1.3810071537446533,0.028737666717682235,1.372212551140496,0.028906842684362687,1.3658287990303706,0.028684211981807366
0.8160000000000001,,,,,,1.4105701197374498,0.024837352808334462,1.3943908803047655,0.026151734649903738,1.3856923801347611,0.026543375867019516,1.3767342688286115,0.02651110818385315,1.3703174488896435,0.02721578121925461
0.8180000000000001,,,,,,1.4201209746184382,0.024293421446816944,1.4103206092812595,0.025798156874170527,1.3990773419626403,0.026277707883029446,1.3973985434231109,0.0256908472977283,1.3839217970434639,0.02718224083359931
0.8170000000000001,,,,,,1.4150595804847679,0.023682081820718584,1.4037523014630444,0.024617815578987352,1.3950686113724697,0.025919421551655497,1.3857023028869195,0.02622811429094558,1.3792259947061583,0.027511938326264068
0.8190000000000001,,,,,,1.4263268870240717,0.025180456245222162,1.4133307303843705,0.024979185502696368,1.4061053251890367,0.026110516181158644,1.3945188209763233,0.026193274008182832,1.391699758651978,0.026903539642175844
0.8200000000000001,,,,,,1.4421388124991827,0.023641653531362092,1.4239224915905222,0.02485122456830968,1.4138652986876565,0.024643385366757625,1.4117904838420257,0.024182829120770293,1.4040507030974494,0.02614852091775852
0.8210000000000001,,,,,,1.441509415612156,0.0229241270746482,1.4322596780367916,0.023145919879626844,1.4288280513852283,0.023894174820023317,1.422623297716971,0.02464381667408052,1.4123669537153207,0.02458492194648079
0.8220000000000001,,,,,,1.4637532189240041,0.023115752843541705,1.4468997524489395,0.02314140887280834,1.4399379194250905,0.02258161847429998,1.4311295035997502,0.022761327210490505,1.4294200318335784,0.023236351226780454
0.8230000000000001,,,,,,1.468624027128186,0.020570728670549415,1.4544817552898517,0.02125225281025029,1.4434678068224542,0.022101976681215836,1.4461415508963162,0.02204816711596128,1.4410664552955403,0.022706948782656954
0.8240000000000001,,,,,,1.4693682999564583,0.02000777102294931,1.4649092686558978,0.021169901077573966,1.4568831067571313,0.02212932375363502,1.4498937757894168,0.02187174526670902,1.4527163507468244,0.022391890914451373
0.8250000000000001,,,,,,1.4703643054560604,0.019522101307479924,1.4628795590470018,0.020522024762150586,1.4583089140701777,0.021042931789941623,1.455811672830557,0.02149440934916268,1.454309858428295,0.02190292214690699
0.8260000000000001,,,,,,1.486194559510151,0.01833923513219292,1.4806410609311316,0.019577390732613126,1.4736478655098793,0.020257406250746415,1.4723186490536964,0.02071265572108695,1.4673103635909164,0.021510925723218968
0.8270000000000001,,,,,,1.4970698673876393,0.017442610160988924,1.4847279680325105,0.018485101907955524,1.4808200036319559,0.01910384648376116,1.4784049479240864,0.019862404283279515,1.4762339100180601,0.02003196323516568
0.8280000000000001,,,,,,1.502643031382747,0.017577492404233317,1.4956396365694458,0.01875429505943919,1.4906360349762973,0.01936996856886854,1.4896973381031364,0.019325848685644714,1.4824672127560878,0.019914782295037042
0.8290000000000001,,,,,,1.5043325173989277,0.01827849012840112,1.4968282878549217,0.019180910890503285,1.49222225486368,0.019129747211325075,1.488256521912632,0.019108603754190222,1.4876811349232946,0.01957927865669531
0.8300000000000001,,,,,,1.5081989326815928,0.017431620512426565,1.5024795750072069,0.01785622669666681,1.4976995286255494,0.01852217905436438,1.491925003550771,0.019174036491945663,1.4886782169562813,0.0187733770041822
0.8310000000000001,,,,,,1.5161643648960144,0.016996969176545338,1.5082508386429383,0.01705264323438894,1.5033366772655337,0.017434518262244732,1.5041343554519224,0.017940221169333127,1.504454050388417,0.017891536829679696
0.8320000000000001,,,,,,1.5213350551950517,0.01657845255491029,1.5161822861230705,0.016736985127898688,1.5108631914261232,0.016915213046552857,1.508850925823695,0.01750218578046902,1.5063181024578378,0.01819960650604627
0.8330000000000001,,,,,,1.5252556653794198,0.016426794612730986,1.5197220797853648,0.016737064287841764,1.520351042445622,0.01735637329130768,1.5169904391837303,0.017061687600920826,1.5156771047942459,0.01701837444140934
0.8340000000000001,,,,,,1.5025358955038022,0.017538781471195506,1.492390168749182,0.018207950995225996,1.4861629534764318,0.018618369622654757,1.482911117981583,0.019071478675671813,1.4794015706185806,0.019053081318275652
0.8350000000000001,,,,,,1.516094920962359,0.016593157897993527,1.5029193376078729,0.017096180460692383,1.5011059279277963,0.017753355361241816,1.4979735734055646,0.01809040136744419,1.498534923027296,0.017910458003096506
0.8360000000000001,,,,,,1.5230910580306702,0.01600441531558948,1.5087043174292756,0.01653129112896208,1.505595620632871,0.016907222783055967,1.5016316641622771,0.017923895705307898,1.499886308182784,0.017754523894135933
0.8370000000000001,,,,,,1.5229846547371506,0.01663069588241103,1.5119396162791132,0.017067265914402174,1.506545984108776,0.01704092328689794,1.504530480872295,0.01709190724415052,1.4992372633886872,0.01713937055001662
0.8380000000000001,,,,,,1.51213279248496,0.01646270021729283,1.5134017694408597,0.016058372134842524,1.509120275340984,0.01648898364473284,1.5062296584363402,0.01702987768221738,1.5034122047923142,0.017245653723036075
0.8390000000000001,,,,,,1.5199028345911625,0.015501706007491628,1.516218614859268,0.015939526706660028,1.515787182987989,0.01619250532731019,1.5125987556616185,0.016715053315981724,1.5104934907683547,0.016979121616646334
0.8400000000000001,,,,,,1.5296108661151502,0.015026190902307395,1.5237064741596087,0.015527575626352189,1.5238284344004012,0.01596301260280108,1.5227892201623232,0.016222486310134256,1.5178501028223943,0.016347445621283124
0.8410000000000001,,,,,,1.5321115237820293,0.014313990792750668,1.5324799852373685,0.01470924542533373,1.529078121051019,0.015266243466420271,1.5270343986101362,0.015413279646069481,1.5245235645407995,0.015701921263299834
0.8420000000000001,,,,,,1.5499310617956454,0.013636074018063419,1.5464757362242412,0.013714120757707421,1.5473214164762097,0.01406452439345817,1.5422263696218559,0.0140461082141479,1.5436198447010792,0.01428152749351207
0.8430000000000001,,,,,,1.5524660361897658,0.013090909885769032,1.5491662118211844,0.013763758419574052,1.545557398234474,0.013994432529521027,1.5423787836017844,0.014225306135177916,1.5435917739253338,0.013902042995251211
0.8440000000000001,,,,,,1.554586963542236,0.012980606059712251,1.5533928255356333,0.013559040370929408,1.5508682830207177,0.01359631906788224,1.5490608901852143,0.014074968802337091,1.5491223859301615,0.013757628300635445
0.8450000000000001,,,,,,1.5534044681082186,0.01352007932980396,1.5529403664842527,0.013525979131489554,1.5504838687203275,0.013788928921861737,1.5481462665712005,0.013904339894105775,1.5455955265493642,0.013749788131541962
0.8460000000000001,,,,,,1.5523972248380538,0.013401138589253892,1.5510112227873092,0.01343361401979774,1.5485591621348571,0.013722709553852989,1.5502247326819123,0.013841025975051295,1.5482330738478431,0.01395289698396032
0.8470000000000001,,,,,,1.5577621209199726,0.012891394426337745,1.5575017389257253,0.013016680880532183,1.5566897169599858,0.01310630102382283,1.5537712253412592,0.013572032828547416,1.553876528603276,0.013563631706701657
0.8480000000000001,,,,,,1.5631798706415057,0.01263761441007858,1.557075975554035,0.012813323769578444,1.5553123053694864,0.013302957744212068,1.5558999694148217,0.013252850182621213,1.5535863858132186,0.013071888767429604
0.8490000000000001,,,,,,1.5659937028652717,0.012413797659878135,1.5635180227831393,0.013117942575345017,1.55988947931877,0.013161762391500778,1.560353913380544,0.013278895467708284,1.557368525318492,0.013489591808426758
0.8500000000000001,,,,,,1.5675655048337298,0.01218408183913554,1.5647871594774687,0.012502729207125767,1.5631102091560336,0.012569695633541732,1.5630194492619027,0.012797055283921112,1.5623023639104627,0.012861451231920699
0.8510000000000001,,,,,,1.5700366262658412,0.011689458456380992,1.5638483351656205,0.01201065228388402,1.5623453423813813,0.012390891240236993,1.5615821606982387,0.01267910282911183,1.56161732029826,0.012641325851723074
0.8520000000000001,,,,,,1.5698006269644045,0.01185252119365419,1.5674968153020754,0.012321577180499983,1.565154737936042,0.01251978319733803,1.5666359530566087,0.012368318988138775,1.564511131589461,0.01258351149489133
0.8530000000000001,,,,,,1.5687469659548265,0.012178224186685052,1.5665538996795776,0.012097635195747252,1.5670796309413444,0.012378409142087828,1.5642343112413093,0.012610670454430475,1.5618736189207925,0.012755677125028045
0.8540000000000001,,,,,,1.5770873886371721,0.011725650989803889,1.5751326915815014,0.011972491119752165,1.5744193705922866,0.012021770428250408,1.5734316360936378,0.012154068300270396,1.5728338969680198,0.012243769414002336
0.8550000000000001,,,,,,1.5850145421032884,0.011108444937944443,1.58254303799112,0.011312168208306425,1.580769570165933,0.011582504710117588,1.5781564729862017,0.011637501898141738,1.5789560091530848,0.01172346783641759
0.8560000000000001,,,,,,1.59680992372633,0.010417136571897061,1.5927895290116394,0.010682863419172729,1.592673845133837,0.010837821454310856,1.591587170835323,0.010847100183780664,1.5915803401106277,0.010905670268222402
0.8580000000000001,,,,,,1.6077280211017242,0.009873562615488182,1.606643520531175,0.010043485202607038,1.603362620629083,0.010155680620099345,1.6033866655595603,0.010150997083973238,1.6023569779622118,0.01023649006465046
0.8570000000000001,,,,,,1.5989156797426667,0.010312693833533214,1.5979560917802544,0.010331034429400863,1.5972326740058174,0.010483105832378693,1.5959805865300465,0.010495721564210844,1.5967745047075494,0.010532563658756742
0.8590000000000001,,,,,,1.6116912147932836,0.009751809835563549,1.6106478276515424,0.009752947091942351,1.610025470444133,0.009799609921385273,1.6095293507250508,0.00991514731274612,1.609678795256495,0.00991566002126223
0.8600000000000001,,,,,,1.6232592761336,0.009126331842297407,1.6221523606739696,0.009211042865574467,1.6206168178998748,0.009365747734743975,1.6182251536011991,0.00950660753126017,1.6181757527430174,0.009566420784898529
0.8610000000000001,,,,,,1.6434690540679724,0.008151569218119192,1.6377235149240637,0.008502905003737809,1.6325718310601811,0.008842851107478619,1.6274615707011062,0.009370350752474499,1.622604131039543,0.009908132186733594
0.8620000000000001,,,,,,1.669797152845691,0.007414778515865541,1.6344702155679032,0.00949672840651818,1.6167162863265432,0.011213432031423122,1.6026093189457482,0.012372531210661886,1.5965123885782335,0.012947377734454757
0.8630000000000001,,,,,,1.69940271900986,0.006969428274677442,1.6174197145699047,0.01231454291356038,1.5891565855663132,0.014800755728570408,1.570602798440367,0.01646855031935546,1.5510029190267038,0.017925668477831763
0.8640000000000001,,,,,,1.7008081554445615,0.00695663564439576,1.6139359677710678,0.012041729292252895,1.585050038075341,0.015168791983250076,1.5651562814829427,0.01674133222738171,1.5503270009005126,0.01795205685477392
0.8650000000000001,,,,,,1.7135939563739075,0.0069039797184080615,1.599850619411075,0.014105532171351454,1.5729722049697885,0.0160911034543764,1.5525364233821448,0.018157850678601872,1.5322122207638174,0.019341304492915632
0.8660000000000001,,,,,,1.750784993513024,0.006715955693945478,1.567174620705374,0.018159322363414145,1.5136598108684394,0.021517702981195302,1.4863026514537856,0.02386334473367286,1.4644561031093326,0.023887718963746533
0.8670000000000001,,,,,,1.8021619469872365,0.006347551665846962,1.5047061327403186,0.023286533824474254,1.4398918808926773,0.02725073390135325,1.3991452257153671,0.02789846541173141,1.3701789639339628,0.029630813937282355
0.8680000000000001,,,,,,1.813719369777238,0.006318150871637913,1.480849377800776,0.025424994115117373,1.411246180856969,0.028500267376984394,1.3720472178234284,0.030404948406271733,1.3466277033636265,0.03084140395133443
0.8690000000000001,,,,,,1.811729647605241,0.006447750169883826,1.4863110128702222,0.024921157269125027,1.4177767335014897,0.027268816800564893,1.3714257711714684,0.03000935376618069,1.3425065741256084,0.030974688863547303
0.8700000000000001,,,,,,1.83226441417512,0.006275103179285361,1.4469216012378059,0.026377106829841266,1.365577875602299,0.03099417798519818,1.3310805680588487,0.031481214044788174,1.298129561437769,0.03359979077339841
0.8710000000000001,,,,,,1.8884268347063065,0.005763811146680417,1.383574095361064,0.029411134811897808,1.288337389850579,0.03272326984581274,1.2316553098748986,0.03485809181995688,1.1914130688430469,0.03654290968585539
0.8720000000000001,,,,,,1.9197377666420525,0.005623847578233519,1.2948145523418064,0.03418031000348195,1.2049315749322582,0.03508589068268652,1.1532054254390953,0.03700752637665336,1.1174045038177276,0.03641492300187314
0.8730000000000001,,,,,,1.8935558211207064,0.006071747316231044,1.340715774374414,0.03342688647389486,1.254764019964427,0.03611157090902523,1.2024302023102578,0.03770736708523751,1.1722705828150544,0.03563132821443613
0.8740000000000001,,,,,,1.8908516269521403,0.006090391229551659,1.352776218596502,0.031983161709988994,1.2672378766669532,0.03434248003338824,1.2126705633464998,0.036157942899002295,1.170741046514302,0.03740758469099513
0.85,,,,,,1.5675655048337298,0.01218408183913554,1.5647871594774687,0.012502729207125767,1.5631102091560336,0.012569695633541732,1.5630194492619027,0.012797055283921112,1.5623023639104627,0.012861451231920699
